14	
7	August Burns Red
6	Bayside
5	Backstreet Boys
5	Otis Redding
4	Attila
4	Box Car Racer
4	Ice Nine Kills
4	Memphis May Fire
4	Black Label Society
4	Darkest Hour
3	Four Year Strong
3	Kevin Sherwood
3	Koji Kondo
3	Red Jumpsuit Apparatus
3	I See Stars
3	The Notorious B.I.G
3	Flogging Molly
3	Middle Class Rut
3	The Rocky Horror Picture Show
3	Tool
3	Foster the People
2	Blue October
2	Crown the Empire
2	Disney
2	Hawthorne Heights
2	Hikaru Utada
2	Led Zeppelin
2	Polyphia
2	The Four Seasons
2	The Midnight
2	2Pac
2	Ice Spice
2	Jack Harlow
2	Lil Uzi Vert
2	Run-DMC
2	Sean Paul
2	Alter Bridge
2	Dethklok
2	Extreme
2	Katrina and the Waves
2	Madina Lake
2	Marcy Playground
2	Owl City
2	Tesla
2	Tom Petty & The Heartbreakers
2	Dwight Yoakam
2	Merle Haggard
2	Ace of Base
1	A Change of Pace
1	ABBA
1	Amber Pacific
1	blessthefall
1	Bowling For Soup
1	BRADIO
1	Chip Skylark
1	Crash And The Boys
1	Cute Is What We Aim For
1	David Wise
1	Demi Lovato & Joe Jonas
1	Demi Lovato (ft Joe Jonas)
1	Deric Battistean
1	Does It Offend You, Yeah
1	Donny Osmond
1	Electric Callboy
1	Fear, And Loathing In Las Vegas
1	Fort Minor
1	Foxboro Hot Tubs
1	Get Scared
1	Guster
1	High School Musical Cast
1	Jason Paige
1	Las Ketchup
1	Laura Branigan
1	LiSA
1	Mark Keali'i Ho'omalu, The Kamehameha Schools Children's Chorus
1	Nicole and Brynne Price
1	O-Zone
1	Phil Collins
1	Post Malone and Swae Lee
1	Puffy AmiYumi
1	Rod Stewart
1	State Champs
1	Story of the Year
1	The Amity Affliction
1	The GAG Quartet
1	The Gaslight Anthem
1	The Hex Girls
1	The Lonely Island
1	The Spill Canvas
1	The Toonosaurs
1	Woe Is Me
1	Yazoo
1	2. Skatune Network
1	3. Skatune Network
1	4. Skatune Network
1	Bowling for Soup
1	Daft Punk
1	In Her Own Words
1	Less Than Jake
1	LFO
1	Richard Campbell
1	Steve Perry
1	t.A.T.u.
1	The Ataris
1	The Buggles
1	The Story So Far
1	21 Savage
1	A Tribe Called Quest
1	Alice Deejay
1	Artemas
1	Bell Biv DeVoe
1	Cage the Elephant
1	Cypress Hill
1	DAY6
1	deadmau5, Rob Swire
1	DMX
1	DUKI
1	Eslabon Armado
1	Eternxlkz
1	Hanumankind ft. Kalmi
1	JID
1	Jung Kook, Latto
1	Kid Cudi
1	Lil Jon & the East Side Boyz
1	Lil Nas X ft. Billy Ray Cyrus
1	Masked Wolf
1	Megan Thee Stallion
1	MXZI
1	Netsky & Hybrid Minds
1	NLE Choppa
1	Noah Kahan
1	PinkPantheress
1	Pop Smoke w  Lil Baby & DaBaby
1	ROSÉ, Bruno Mars
1	Sabotage & Instituto
1	SAINt JHN
1	Shop Boyz
1	Slipstream Music
1	Technotronic
1	Terror Squad
1	Timbaland
1	TLC
1	Warren G
1	Wu-Tang Clan
1	Aly & AJ
1	Amon Amarth
1	Arch Enemy
1	Awaken
1	Bad Brains
1	Band Of Skulls
1	Beastie Boys ft. Kerry King
1	Beatsteaks
1	Blue Oyster Cult
1	Bob Seger
1	Buzzcocks
1	Chimaira
1	Cody ChesnuTT
1	Corinne Bailey Rae
1	Danzig
1	Diamond Head
1	Dredg
1	Drowning Pool
1	Duffy
1	Edgar Winter
1	Eric Johnson
1	Firewind
1	François Jalbert
1	Gov't Mule
1	GWAR
1	H is Orange
1	Helmet
1	Housse de Racket
1	Hundred Reasons
1	In Flames
1	Janet Jackson
1	Jeff Beck
1	Joe Bonamassa
1	John 5 Featuring Jim Root
1	King Crimson
1	Lady Gaga (Feat. Colby O'Donis)
1	Les Rita Mitsouko
1	Loquillo Y Los Trogloditas
1	Marvin Gaye
1	Mercyful Fate
1	Metallica & Ozzy Osbourne
1	Michael Jackson
1	Michael Schenker Group
1	Motley Crue
1	Nada Surf
1	Nancy Fullforce
1	Negrita
1	Neil Young
1	Nelly Furtado
1	Orgy
1	Placebo
1	Priestess
1	Protest The Hero
1	Public Enemy Featuring Zakk Wylde
1	Queen & David Bowie
1	Queen + Paul Rodgers
1	Radio Futura
1	Ram Jam
1	Red Rider
1	Rev Theory
1	Richard Fortus
1	Rx Bandits
1	Ryan Adams
1	S.U.P.R.A.H.U.M.A.N.
1	Saliva
1	Santigold
1	Selena Gomez & the Scene
1	Senses Fail
1	Shadow Falls
1	Slash (With Dave Grohl and Duff McKagan)
1	Slash (With Iggy Pop)
1	Slash (With M. Shadows)
1	Slash featuring Ian Astbury
1	Snot
1	Sponge
1	Stan Bush
1	Steve Vai
1	Strung Out
1	Suicidal Tendencies
1	Sworn
1	The Answer
1	The Damned Things
1	The Dillinger Escape Plan
1	The Duke Spirit
1	The Exies
1	The Faint
1	The Living End
1	The Mars Volta
1	The Ramones
1	The Rasmus
1	The Reverend Horton Heat
1	The Runaways
1	The Sleeping
1	The Turtles
1	Tonic
1	Tony Solis
1	Unearth
1	Village People
1	Warrant
1	A Flock of Seagulls
1	Blur (WaveGroup)
1	Brian Setzer
1	Chumbawamba
1	Cobra Starship (ft. Sabi)
1	Cracker
1	Eric Church
1	Gym Class Heroes (ft. Adam Levine)
1	Hot Chelle Rae
1	Joy Division
1	La Roux
1	Les Wampas
1	Lucinda Williams
1	Midnight Oil
1	Mr. Big
1	Nightwish
1	Opiate for the Masses
1	Rick Astley
1	Santana (ft. Rob Thomas)
1	Sara Evans
1	Soft Cell
1	Swingin' Utters
1	The Monkees (WaveGroup)
1	The Raveonettes
1	4 Non Blondes
1	Aretha Franklin
1	Benjamin Booker
1	Bloodhound Gang
1	Brandi Carlile
1	Death from Above 1979
1	Devon Gilfillian
1	Dolly Parton
1	Elvis Presley
1	Highly Suspect
1	Jack Johnson
1	Jack White
1	Jesus Jones
1	John Denver
1	Kelsy Karter
1	Little Big Town
1	Meredith Brooks
1	Michael Christmas
1	Milky Chance
1	Oliver Tree
1	ORION
1	Party Bois
1	Seasick Steve
1	Spirit Kid
1	Stray Cats
1	Sugar Ray
1	Surf Mesa
1	The 1975
1	The Aces
1	The Black Eyed Peas
1	The Both
1	The Isley Brothers
1	Tijuana Sweetheart
1	Van Morrison
1	Vanilla Ice
1	Wet Leg
1	White Denim
