title,artist,genre,audio_path,midi_path,duration_s,source
Loose Lips Sink Ships,A Change of Pace,punk,/mnt/ml-data/training_songs/C3/A Change of Pace - Loose Lips Sink Ships/song.ogg,/mnt/ml-data/training_songs/C3/A Change of Pace - Loose Lips Sink Ships/notes.mid,216.2,c3-custom
Take a Chance on Me,ABBA,pop,/mnt/ml-data/training_songs/C3/ABBA - Take a Chance on Me/song.ogg,/mnt/ml-data/training_songs/C3/ABBA - Take a Chance on Me/notes.mid,243.2,c3-custom
Poetically Pathetic,Amber Pacific,punk,/mnt/ml-data/training_songs/C3/Amber Pacific - Poetically Pathetic/song.ogg,/mnt/ml-data/training_songs/C3/Amber Pacific - Poetically Pathetic/notes.mid,206.7,c3-custom
About That Life,Attila,metal,/mnt/ml-data/training_songs/C3/Attila - About That Life/song.ogg,/mnt/ml-data/training_songs/C3/Attila - About That Life/notes.mid,190.6,c3-custom
Middle Fingers Up (2x Bass Pedal),Attila,metal,/mnt/ml-data/training_songs/C3/Attila - Middle Fingers Up (2x Bass Pedal)/song.ogg,/mnt/ml-data/training_songs/C3/Attila - Middle Fingers Up (2x Bass Pedal)/notes.mid,160.7,c3-custom
Moshpit (ft. Ookay),Attila,metal,/mnt/ml-data/training_songs/C3/Attila - Moshpit (ft. Ookay)/song.ogg,/mnt/ml-data/training_songs/C3/Attila - Moshpit (ft. Ookay)/notes.mid,218.2,c3-custom
Pizza (2x Bass Pedal),Attila,metal,/mnt/ml-data/training_songs/C3/Attila - Pizza (2x Bass Pedal)/song.ogg,/mnt/ml-data/training_songs/C3/Attila - Pizza (2x Bass Pedal)/notes.mid,204.9,c3-custom
...Baby One More Time,August Burns Red,metal,/mnt/ml-data/training_songs/C3/August Burns Red - ...Baby One More Time/song.ogg,/mnt/ml-data/training_songs/C3/August Burns Red - ...Baby One More Time/notes.mid,195.8,c3-custom
...Baby One More Time (2x Bass Pedal),August Burns Red,metal,/mnt/ml-data/training_songs/C3/August Burns Red - ...Baby One More Time (2x Bass Pedal)/song.ogg,/mnt/ml-data/training_songs/C3/August Burns Red - ...Baby One More Time (2x Bass Pedal)/notes.mid,195.8,c3-custom
Carol of the Bells (2x Bass Pedal),August Burns Red,metal,/mnt/ml-data/training_songs/C3/August Burns Red - Carol of the Bells (2x Bass Pedal)/song.ogg,/mnt/ml-data/training_songs/C3/August Burns Red - Carol of the Bells (2x Bass Pedal)/notes.mid,167.9,c3-custom
Frosty the Snowman,August Burns Red,metal,/mnt/ml-data/training_songs/C3/August Burns Red - Frosty the Snowman/song.ogg,/mnt/ml-data/training_songs/C3/August Burns Red - Frosty the Snowman/notes.mid,145.9,c3-custom
Frosty the Snowman (2x Bass Pedal),August Burns Red,metal,/mnt/ml-data/training_songs/C3/August Burns Red - Frosty the Snowman (2x Bass Pedal)/song.ogg,/mnt/ml-data/training_songs/C3/August Burns Red - Frosty the Snowman (2x Bass Pedal)/notes.mid,145.9,c3-custom
We Wish You A Merry Christmas,August Burns Red,metal,/mnt/ml-data/training_songs/C3/August Burns Red - We Wish You A Merry Christmas/song.ogg,/mnt/ml-data/training_songs/C3/August Burns Red - We Wish You A Merry Christmas/notes.mid,154.8,c3-custom
We Wish You A Merry Christmas (2x Bass Pedal),August Burns Red,metal,/mnt/ml-data/training_songs/C3/August Burns Red - We Wish You A Merry Christmas (2x Bass Pedal)/song.ogg,/mnt/ml-data/training_songs/C3/August Burns Red - We Wish You A Merry Christmas (2x Bass Pedal)/notes.mid,154.8,c3-custom
As Long as You Love Me,Backstreet Boys,pop,/mnt/ml-data/training_songs/C3/Backstreet Boys - As Long as You Love Me/song.ogg,/mnt/ml-data/training_songs/C3/Backstreet Boys - As Long as You Love Me/notes.mid,218.5,c3-custom
Everybody,Backstreet Boys,pop,/mnt/ml-data/training_songs/C3/Backstreet Boys - Everybody/song.ogg,/mnt/ml-data/training_songs/C3/Backstreet Boys - Everybody/notes.mid,289.6,c3-custom
I Want It That Way,Backstreet Boys,pop,/mnt/ml-data/training_songs/C3/Backstreet Boys - I Want It That Way/song.ogg,/mnt/ml-data/training_songs/C3/Backstreet Boys - I Want It That Way/notes.mid,223.4,c3-custom
Larger than Life,Backstreet Boys,pop,/mnt/ml-data/training_songs/C3/Backstreet Boys - Larger than Life/song.ogg,/mnt/ml-data/training_songs/C3/Backstreet Boys - Larger than Life/notes.mid,238.7,c3-custom
Quit Playing Games (with My Heart),Backstreet Boys,pop,/mnt/ml-data/training_songs/C3/Backstreet Boys - Quit Playing Games (with My Heart)/song.ogg,/mnt/ml-data/training_songs/C3/Backstreet Boys - Quit Playing Games (with My Heart)/notes.mid,241.6,c3-custom
Already Gone,Bayside,punk,/mnt/ml-data/training_songs/C3/Bayside - Already Gone/song.ogg,/mnt/ml-data/training_songs/C3/Bayside - Already Gone/notes.mid,225.1,c3-custom
Blame It On Bad Luck,Bayside,punk,/mnt/ml-data/training_songs/C3/Bayside - Blame It On Bad Luck/song.ogg,/mnt/ml-data/training_songs/C3/Bayside - Blame It On Bad Luck/notes.mid,214.4,c3-custom
Devotion and Desire,Bayside,punk,/mnt/ml-data/training_songs/C3/Bayside - Devotion and Desire/song.ogg,/mnt/ml-data/training_songs/C3/Bayside - Devotion and Desire/notes.mid,214.3,c3-custom
Duality,Bayside,punk,/mnt/ml-data/training_songs/C3/Bayside - Duality/song.ogg,/mnt/ml-data/training_songs/C3/Bayside - Duality/notes.mid,184.6,c3-custom
Pigsty,Bayside,punk,/mnt/ml-data/training_songs/C3/Bayside - Pigsty/song.ogg,/mnt/ml-data/training_songs/C3/Bayside - Pigsty/notes.mid,235.8,c3-custom
"Hey Baby, Here's That Song You Wanted (NoisyPuppet)",blessthefall,metal,"/mnt/ml-data/training_songs/C3/blessthefall - Hey Baby, Here's That Song You Wanted (NoisyPuppet)/blessthefall - Hey Baby, Here's That Song You Wanted (NoisyPuppet)/song.opus","/mnt/ml-data/training_songs/C3/blessthefall - Hey Baby, Here's That Song You Wanted (NoisyPuppet)/blessthefall - Hey Baby, Here's That Song You Wanted (NoisyPuppet)/notes.mid",199.5,c3-custom
Hate Me,Blue October,rock,/mnt/ml-data/training_songs/C3/Blue October - Hate Me/song.ogg,/mnt/ml-data/training_songs/C3/Blue October - Hate Me/notes.mid,251.3,c3-custom
Into The Ocean,Blue October,rock,/mnt/ml-data/training_songs/C3/Blue October - Into The Ocean/song.ogg,/mnt/ml-data/training_songs/C3/Blue October - Into The Ocean/notes.mid,246.8,c3-custom
Today Is Gonna Be A Great Day,Bowling For Soup,punk,/mnt/ml-data/training_songs/C3/Bowling For Soup - Today Is Gonna Be A Great Day/song.ogg,/mnt/ml-data/training_songs/C3/Bowling For Soup - Today Is Gonna Be A Great Day/notes.mid,185.7,c3-custom
Elevator,Box Car Racer,punk,/mnt/ml-data/training_songs/C3/Box Car Racer - Elevator/song.ogg,/mnt/ml-data/training_songs/C3/Box Car Racer - Elevator/notes.mid,169.2,c3-custom
I Feel So,Box Car Racer,punk,/mnt/ml-data/training_songs/C3/Box Car Racer - I Feel So/song.ogg,/mnt/ml-data/training_songs/C3/Box Car Racer - I Feel So/notes.mid,273.6,c3-custom
There Is,Box Car Racer,punk,/mnt/ml-data/training_songs/C3/Box Car Racer - There Is/song.ogg,/mnt/ml-data/training_songs/C3/Box Car Racer - There Is/notes.mid,200.2,c3-custom
Watch The World,Box Car Racer,punk,/mnt/ml-data/training_songs/C3/Box Car Racer - Watch The World/song.ogg,/mnt/ml-data/training_songs/C3/Box Car Racer - Watch The World/notes.mid,236.2,c3-custom
Flyers,BRADIO,pop,/mnt/ml-data/training_songs/C3/BRADIO - Flyers/song.ogg,/mnt/ml-data/training_songs/C3/BRADIO - Flyers/notes.mid,224.8,c3-custom
My Shiny Teeth and Me,Chip Skylark,pop,/mnt/ml-data/training_songs/C3/Chip Skylark - My Shiny Teeth and Me/song.ogg,/mnt/ml-data/training_songs/C3/Chip Skylark - My Shiny Teeth and Me/notes.mid,126.4,c3-custom
"I'm So Sad, So Very, Very, Sad",Crash And The Boys,punk,"/mnt/ml-data/training_songs/C3/Crash And The Boys - I'm So Sad, So Very, Very, Sad/song.ogg","/mnt/ml-data/training_songs/C3/Crash And The Boys - I'm So Sad, So Very, Very, Sad/notes.mid",31.3,c3-custom
Johnny's Revenge,Crown the Empire,metal,/mnt/ml-data/training_songs/C3/Crown the Empire - Johnny's Revenge/song.ogg,/mnt/ml-data/training_songs/C3/Crown the Empire - Johnny's Revenge/notes.mid,259.3,c3-custom
Millennia (Hoph2o),Crown the Empire,metal,/mnt/ml-data/training_songs/C3/Crown the Empire - Millennia (Hoph2o)/Crown the Empire - Millennia (Hoph2o)/guitar.opus,/mnt/ml-data/training_songs/C3/Crown the Empire - Millennia (Hoph2o)/Crown the Empire - Millennia (Hoph2o)/notes.mid,229.7,c3-custom
The Curse of Curves,Cute Is What We Aim For,punk,/mnt/ml-data/training_songs/C3/Cute Is What We Aim For - The Curse of Curves/song.ogg,/mnt/ml-data/training_songs/C3/Cute Is What We Aim For - The Curse of Curves/notes.mid,206.7,c3-custom
Donkey Kong Country Theme,David Wise,electronic,/mnt/ml-data/training_songs/C3/David Wise - Donkey Kong Country Theme/song.ogg,/mnt/ml-data/training_songs/C3/David Wise - Donkey Kong Country Theme/notes.mid,129.8,c3-custom
Wouldn't Change A Thing,Demi Lovato & Joe Jonas,pop,/mnt/ml-data/training_songs/C3/Demi Lovato & Joe Jonas - Wouldn't Change A Thing/song.ogg,/mnt/ml-data/training_songs/C3/Demi Lovato & Joe Jonas - Wouldn't Change A Thing/notes.mid,210.0,c3-custom
This is Me,Demi Lovato (ft Joe Jonas),pop,/mnt/ml-data/training_songs/C3/Demi Lovato (ft Joe Jonas) - This is Me/song.ogg,/mnt/ml-data/training_songs/C3/Demi Lovato (ft Joe Jonas) - This is Me/notes.mid,195.9,c3-custom
Danny Phantom Theme Song,Deric Battistean,electronic,/mnt/ml-data/training_songs/C3/Deric Battistean - Danny Phantom Theme Song/song.ogg,/mnt/ml-data/training_songs/C3/Deric Battistean - Danny Phantom Theme Song/notes.mid,105.5,c3-custom
He's A Pirate,Disney,pop,/mnt/ml-data/training_songs/C3/Disney - He's A Pirate/song.ogg,/mnt/ml-data/training_songs/C3/Disney - He's A Pirate/notes.mid,91.0,c3-custom
The Black Pearl,Disney,pop,/mnt/ml-data/training_songs/C3/Disney - The Black Pearl/song.ogg,/mnt/ml-data/training_songs/C3/Disney - The Black Pearl/notes.mid,49.7,c3-custom
Dawn of the Dead,"Does It Offend You, Yeah",electronic,"/mnt/ml-data/training_songs/C3/Does It Offend You, Yeah - Dawn of the Dead/song.ogg","/mnt/ml-data/training_songs/C3/Does It Offend You, Yeah - Dawn of the Dead/notes.mid",218.3,c3-custom
I'll Make a Man Out of You,Donny Osmond,pop,/mnt/ml-data/training_songs/C3/Donny Osmond - I'll Make a Man Out of You/song.ogg,/mnt/ml-data/training_songs/C3/Donny Osmond - I'll Make a Man Out of You/notes.mid,205.7,c3-custom
Hypa Hypa (ft. We Butter the Bread with Butter),Electric Callboy,metal,/mnt/ml-data/training_songs/C3/Electric Callboy - Hypa Hypa (ft. We Butter the Bread with Butter)/song.ogg,/mnt/ml-data/training_songs/C3/Electric Callboy - Hypa Hypa (ft. We Butter the Bread with Butter)/notes.mid,244.7,c3-custom
Let Me Hear,"Fear, And Loathing In Las Vegas",metal,"/mnt/ml-data/training_songs/C3/Fear, And Loathing In Las Vegas - Let Me Hear/guitar.ogg","/mnt/ml-data/training_songs/C3/Fear, And Loathing In Las Vegas - Let Me Hear/notes.mid",226.7,c3-custom
Remember the Name (ft. Styles of Beyond),Fort Minor,hiphop,/mnt/ml-data/training_songs/C3/Fort Minor - Remember the Name (ft. Styles of Beyond)/song.ogg,/mnt/ml-data/training_songs/C3/Fort Minor - Remember the Name (ft. Styles of Beyond)/notes.mid,236.1,c3-custom
"Heroes Get Remembered, Legends Never Die",Four Year Strong,punk,"/mnt/ml-data/training_songs/C3/Four Year Strong - Heroes Get Remembered, Legends Never Die/song.ogg","/mnt/ml-data/training_songs/C3/Four Year Strong - Heroes Get Remembered, Legends Never Die/notes.mid",222.2,c3-custom
"The Security Of The Familiar, The Tranquility Of Repetition",Four Year Strong,punk,"/mnt/ml-data/training_songs/C3/Four Year Strong - The Security Of The Familiar, The Tranquility Of Repetition/song.ogg","/mnt/ml-data/training_songs/C3/Four Year Strong - The Security Of The Familiar, The Tranquility Of Repetition/notes.mid",212.4,c3-custom
We All Float Down Here,Four Year Strong,punk,/mnt/ml-data/training_songs/C3/Four Year Strong - We All Float Down Here/song.ogg,/mnt/ml-data/training_songs/C3/Four Year Strong - We All Float Down Here/notes.mid,197.1,c3-custom
Stop Drop and Roll,Foxboro Hot Tubs,punk,/mnt/ml-data/training_songs/C3/Foxboro Hot Tubs - Stop Drop and Roll/song.ogg,/mnt/ml-data/training_songs/C3/Foxboro Hot Tubs - Stop Drop and Roll/notes.mid,149.4,c3-custom
Sarcasm,Get Scared,metal,/mnt/ml-data/training_songs/C3/Get Scared - Sarcasm/song.ogg,/mnt/ml-data/training_songs/C3/Get Scared - Sarcasm/notes.mid,212.3,c3-custom
Ohio Is for Lovers,Hawthorne Heights,punk,/mnt/ml-data/training_songs/C3/Hawthorne Heights - Ohio Is for Lovers/song.ogg,/mnt/ml-data/training_songs/C3/Hawthorne Heights - Ohio Is for Lovers/notes.mid,248.8,c3-custom
Bet On It,High School Musical Cast,pop,/mnt/ml-data/training_songs/C3/High School Musical Cast - Bet On It/song.ogg,/mnt/ml-data/training_songs/C3/High School Musical Cast - Bet On It/notes.mid,202.6,c3-custom
Sanctuary,Hikaru Utada,pop,/mnt/ml-data/training_songs/C3/Hikaru Utada - Sanctuary/song.ogg,/mnt/ml-data/training_songs/C3/Hikaru Utada - Sanctuary/notes.mid,294.6,c3-custom
Simple and Clean,Hikaru Utada,pop,/mnt/ml-data/training_songs/C3/Hikaru Utada - Simple and Clean/song.ogg,/mnt/ml-data/training_songs/C3/Hikaru Utada - Simple and Clean/notes.mid,308.4,c3-custom
Ex-Mortis,Ice Nine Kills,metal,/mnt/ml-data/training_songs/C3/Ice Nine Kills - Ex-Mortis/song.ogg,/mnt/ml-data/training_songs/C3/Ice Nine Kills - Ex-Mortis/notes.mid,205.7,c3-custom
Hip To Be Scared ft. Jacoby Shaddix,Ice Nine Kills,metal,/mnt/ml-data/training_songs/C3/Ice Nine Kills - Hip To Be Scared ft. Jacoby Shaddix/song.ogg,/mnt/ml-data/training_songs/C3/Ice Nine Kills - Hip To Be Scared ft. Jacoby Shaddix/notes.mid,207.5,c3-custom
"Me, Myself, & Hyde",Ice Nine Kills,metal,"/mnt/ml-data/training_songs/C3/Ice Nine Kills - Me, Myself, & Hyde/song.ogg","/mnt/ml-data/training_songs/C3/Ice Nine Kills - Me, Myself, & Hyde/notes.mid",245.1,c3-custom
The Nature of The Beast,Ice Nine Kills,metal,/mnt/ml-data/training_songs/C3/Ice Nine Kills - The Nature of The Beast/song.ogg,/mnt/ml-data/training_songs/C3/Ice Nine Kills - The Nature of The Beast/notes.mid,217.2,c3-custom
Pokemon Theme,Jason Paige,pop,/mnt/ml-data/training_songs/C3/Jason Paige - Pokemon Theme/song.ogg,/mnt/ml-data/training_songs/C3/Jason Paige - Pokemon Theme/notes.mid,199.4,c3-custom
Abracadavre (ft. Elena Siegman),Kevin Sherwood,electronic,/mnt/ml-data/training_songs/C3/Kevin Sherwood - Abracadavre (ft. Elena Siegman)/song.ogg,/mnt/ml-data/training_songs/C3/Kevin Sherwood - Abracadavre (ft. Elena Siegman)/notes.mid,373.3,c3-custom
Beauty Of Annihilation (Ft. Elena Siegman) (2x Bass Pedal),Kevin Sherwood,electronic,/mnt/ml-data/training_songs/C3/Kevin Sherwood - Beauty Of Annihilation (Ft. Elena Siegman) (2x Bass Pedal)/song.ogg,/mnt/ml-data/training_songs/C3/Kevin Sherwood - Beauty Of Annihilation (Ft. Elena Siegman) (2x Bass Pedal)/notes.mid,273.2,c3-custom
Coming Home (ft. Elena Siegman),Kevin Sherwood,electronic,/mnt/ml-data/training_songs/C3/Kevin Sherwood - Coming Home (ft. Elena Siegman)/song.ogg,/mnt/ml-data/training_songs/C3/Kevin Sherwood - Coming Home (ft. Elena Siegman)/notes.mid,207.8,c3-custom
Super Mario 64 Main Theme,Koji Kondo,electronic,/mnt/ml-data/training_songs/C3/Koji Kondo - Super Mario 64 Main Theme/song.ogg,/mnt/ml-data/training_songs/C3/Koji Kondo - Super Mario 64 Main Theme/notes.mid,148.9,c3-custom
Super Mario Bros. Medley,Koji Kondo,electronic,/mnt/ml-data/training_songs/C3/Koji Kondo - Super Mario Bros. Medley/song.ogg,/mnt/ml-data/training_songs/C3/Koji Kondo - Super Mario Bros. Medley/notes.mid,229.3,c3-custom
Super Mario World Overworld Theme,Koji Kondo,electronic,/mnt/ml-data/training_songs/C3/Koji Kondo - Super Mario World Overworld Theme/song.ogg,/mnt/ml-data/training_songs/C3/Koji Kondo - Super Mario World Overworld Theme/notes.mid,86.7,c3-custom
The Ketchup Song (Asereje),Las Ketchup,pop,/mnt/ml-data/training_songs/C3/Las Ketchup - The Ketchup Song (Asereje)/song.ogg,/mnt/ml-data/training_songs/C3/Las Ketchup - The Ketchup Song (Asereje)/notes.mid,217.4,c3-custom
Gloria,Laura Branigan,pop,/mnt/ml-data/training_songs/C3/Laura Branigan - Gloria/song.ogg,/mnt/ml-data/training_songs/C3/Laura Branigan - Gloria/notes.mid,298.1,c3-custom
Stairway to Heaven,Led Zeppelin,rock,/mnt/ml-data/training_songs/C3/Led Zeppelin - Stairway to Heaven/song.ogg,/mnt/ml-data/training_songs/C3/Led Zeppelin - Stairway to Heaven/notes.mid,486.6,c3-custom
Gurenge,LiSA,pop,/mnt/ml-data/training_songs/C3/LiSA - Gurenge/guitar.ogg,/mnt/ml-data/training_songs/C3/LiSA - Gurenge/notes.mid,242.3,c3-custom
Hawaiian Roller Coaster Ride,"Mark Keali'i Ho'omalu, The Kamehameha Schools Children's Chorus",pop,"/mnt/ml-data/training_songs/C3/Mark Keali'i Ho'omalu, The Kamehameha Schools Children's Chorus - Hawaiian Roller Coaster Ride/song.ogg","/mnt/ml-data/training_songs/C3/Mark Keali'i Ho'omalu, The Kamehameha Schools Children's Chorus - Hawaiian Roller Coaster Ride/notes.mid",215.4,c3-custom
Sailor Moon English Theme Song,Nicole and Brynne Price,pop,/mnt/ml-data/training_songs/C3/Nicole and Brynne Price - Sailor Moon English Theme Song/song.ogg,/mnt/ml-data/training_songs/C3/Nicole and Brynne Price - Sailor Moon English Theme Song/notes.mid,99.6,c3-custom
Dragostea din tei,O-Zone,pop,/mnt/ml-data/training_songs/C3/O-Zone - Dragostea din tei/song.ogg,/mnt/ml-data/training_songs/C3/O-Zone - Dragostea din tei/notes.mid,218.8,c3-custom
Sussudio,Phil Collins,pop,/mnt/ml-data/training_songs/C3/Phil Collins - Sussudio/song.ogg,/mnt/ml-data/training_songs/C3/Phil Collins - Sussudio/notes.mid,258.9,c3-custom
Goose (Bloodline),Polyphia,prog,/mnt/ml-data/training_songs/C3/Polyphia - Goose (Bloodline)/Polyphia - Goose (Bloodline)/guitar.opus,/mnt/ml-data/training_songs/C3/Polyphia - Goose (Bloodline)/Polyphia - Goose (Bloodline)/notes.mid,267.2,c3-custom
O.D. (Combined Guitar) (Bloodline),Polyphia,prog,/mnt/ml-data/training_songs/C3/Polyphia - O.D. (Combined Guitar) (Bloodline)/Polyphia - O.D. (Combined Guitar) (Bloodline)/guitar.opus,/mnt/ml-data/training_songs/C3/Polyphia - O.D. (Combined Guitar) (Bloodline)/Polyphia - O.D. (Combined Guitar) (Bloodline)/notes.mid,203.1,c3-custom
Teen Titans Theme,Puffy AmiYumi,pop,/mnt/ml-data/training_songs/C3/Puffy AmiYumi - Teen Titans Theme/song.ogg,/mnt/ml-data/training_songs/C3/Puffy AmiYumi - Teen Titans Theme/notes.mid,189.4,c3-custom
Pen & Paper,Red Jumpsuit Apparatus,punk,/mnt/ml-data/training_songs/C3/Red Jumpsuit Apparatus - Pen & Paper/song.ogg,/mnt/ml-data/training_songs/C3/Red Jumpsuit Apparatus - Pen & Paper/notes.mid,208.3,c3-custom
Represent,Red Jumpsuit Apparatus,punk,/mnt/ml-data/training_songs/C3/Red Jumpsuit Apparatus - Represent/song.ogg,/mnt/ml-data/training_songs/C3/Red Jumpsuit Apparatus - Represent/notes.mid,208.2,c3-custom
Seventeen Ain't So Sweet,Red Jumpsuit Apparatus,punk,/mnt/ml-data/training_songs/C3/Red Jumpsuit Apparatus - Seventeen Ain't So Sweet/song.ogg,/mnt/ml-data/training_songs/C3/Red Jumpsuit Apparatus - Seventeen Ain't So Sweet/notes.mid,206.1,c3-custom
Young Turks,Rod Stewart,rock,/mnt/ml-data/training_songs/C3/Rod Stewart - Young Turks/guitar.ogg,/mnt/ml-data/training_songs/C3/Rod Stewart - Young Turks/notes.mid,293.5,c3-custom
Secrets,State Champs,punk,/mnt/ml-data/training_songs/C3/State Champs - Secrets/song.ogg,/mnt/ml-data/training_songs/C3/State Champs - Secrets/notes.mid,230.1,c3-custom
Until the Day I Die,Story of the Year,punk,/mnt/ml-data/training_songs/C3/Story of the Year - Until the Day I Die/song.ogg,/mnt/ml-data/training_songs/C3/Story of the Year - Until the Day I Die/notes.mid,236.1,c3-custom
Open Letter (2x Bass Pedal),The Amity Affliction,metal,/mnt/ml-data/training_songs/C3/The Amity Affliction - Open Letter (2x Bass Pedal)/song.ogg,/mnt/ml-data/training_songs/C3/The Amity Affliction - Open Letter (2x Bass Pedal)/notes.mid,265.6,c3-custom
Dawn (Go Away),The Four Seasons,pop,/mnt/ml-data/training_songs/C3/The Four Seasons - Dawn (Go Away)/song.ogg,/mnt/ml-data/training_songs/C3/The Four Seasons - Dawn (Go Away)/notes.mid,169.9,c3-custom
December 1963 (Oh What a Night),The Four Seasons,pop,/mnt/ml-data/training_songs/C3/The Four Seasons - December 1963 (Oh What a Night)/song.ogg,/mnt/ml-data/training_songs/C3/The Four Seasons - December 1963 (Oh What a Night)/notes.mid,202.6,c3-custom
Le Internet Medley,The GAG Quartet,rock,/mnt/ml-data/training_songs/C3/The GAG Quartet - Le Internet Medley/song.ogg,/mnt/ml-data/training_songs/C3/The GAG Quartet - Le Internet Medley/notes.mid,235.0,c3-custom
The '59 Sound,The Gaslight Anthem,rock,/mnt/ml-data/training_songs/C3/The Gaslight Anthem - The '59 Sound/song.ogg,/mnt/ml-data/training_songs/C3/The Gaslight Anthem - The '59 Sound/notes.mid,201.3,c3-custom
Hex Girl,The Hex Girls,pop,/mnt/ml-data/training_songs/C3/The Hex Girls - Hex Girl/song.ogg,/mnt/ml-data/training_songs/C3/The Hex Girls - Hex Girl/notes.mid,104.0,c3-custom
Finest Girl (Bin Laden Song),The Lonely Island,hiphop,/mnt/ml-data/training_songs/C3/The Lonely Island - Finest Girl (Bin Laden Song)/song.ogg,/mnt/ml-data/training_songs/C3/The Lonely Island - Finest Girl (Bin Laden Song)/notes.mid,156.5,c3-custom
Sunset,The Midnight,electronic,/mnt/ml-data/training_songs/C3/The Midnight - Sunset/song.ogg,/mnt/ml-data/training_songs/C3/The Midnight - Sunset/notes.mid,329.4,c3-custom
All Over You,The Spill Canvas,punk,/mnt/ml-data/training_songs/C3/The Spill Canvas - All Over You/song.ogg,/mnt/ml-data/training_songs/C3/The Spill Canvas - All Over You/notes.mid,207.4,c3-custom
Spider-Man Theme (The Animated Series),The Toonosaurs,pop,/mnt/ml-data/training_songs/C3/The Toonosaurs - Spider-Man Theme (The Animated Series)/drums.ogg,/mnt/ml-data/training_songs/C3/The Toonosaurs - Spider-Man Theme (The Animated Series)/notes.mid,64.0,c3-custom
Hot 'N Cold,Woe Is Me,metal,/mnt/ml-data/training_songs/C3/Woe Is Me - Hot 'N Cold/song.ogg,/mnt/ml-data/training_songs/C3/Woe Is Me - Hot 'N Cold/notes.mid,190.4,c3-custom
Only You,Yazoo,pop,/mnt/ml-data/training_songs/C3/Yazoo - Only You/song.ogg,/mnt/ml-data/training_songs/C3/Yazoo - Only You/notes.mid,197.0,c3-custom
Hex Girls (ft. Court Carnaby),2. Skatune Network,punk,/mnt/ml-data/training_songs/Custom/2. Skatune Network - Hex Girls (ft. Court Carnaby)/2. Skatune Network - Hex Girls (ft. Court Carnaby)/song.ogg,/mnt/ml-data/training_songs/Custom/2. Skatune Network - Hex Girls (ft. Court Carnaby)/2. Skatune Network - Hex Girls (ft. Court Carnaby)/notes.mid,118.9,custom
Linus _ Lucy,3. Skatune Network,punk,/mnt/ml-data/training_songs/Custom/3. Skatune Network - Linus _ Lucy/3. Skatune Network - Linus _ Lucy/song.ogg,/mnt/ml-data/training_songs/Custom/3. Skatune Network - Linus _ Lucy/3. Skatune Network - Linus _ Lucy/notes.mid,194.3,custom
Spooky Scary Skeletons,4. Skatune Network,punk,/mnt/ml-data/training_songs/Custom/4. Skatune Network - Spooky Scary Skeletons/song.ogg,/mnt/ml-data/training_songs/Custom/4. Skatune Network - Spooky Scary Skeletons/notes.mid,138.7,custom
"Sick, Sick, Sick",Bayside,punk,"/mnt/ml-data/training_songs/Custom/Bayside - Sick, Sick, Sick/song.ogg","/mnt/ml-data/training_songs/Custom/Bayside - Sick, Sick, Sick/notes.mid",214.9,custom
Girl All the Bad Guys Want,Bowling for Soup,punk,/mnt/ml-data/training_songs/Custom/Bowling for Soup - Girl All the Bad Guys Want/guitar.ogg,/mnt/ml-data/training_songs/Custom/Bowling for Soup - Girl All the Bad Guys Want/notes.mid,200.5,custom
Contact,Daft Punk,pop,/mnt/ml-data/training_songs/Custom/Daft Punk - Contact/Daft Punk - Contact/song.ogg,/mnt/ml-data/training_songs/Custom/Daft Punk - Contact/Daft Punk - Contact/notes.mid,381.5,custom
Endless Sky (RhythmAuthors),I See Stars,punk,/mnt/ml-data/training_songs/Custom/I See Stars - Endless Sky (RhythmAuthors)/song.opus,/mnt/ml-data/training_songs/Custom/I See Stars - Endless Sky (RhythmAuthors)/notes.mid,216.9,custom
Filth Friends Unite (RhythmAuthors),I See Stars,punk,/mnt/ml-data/training_songs/Custom/I See Stars - Filth Friends Unite (RhythmAuthors)/song.opus,/mnt/ml-data/training_songs/Custom/I See Stars - Filth Friends Unite (RhythmAuthors)/notes.mid,243.5,custom
NZT48 (RhythmAuthors),I See Stars,punk,/mnt/ml-data/training_songs/Custom/I See Stars - NZT48 (RhythmAuthors)/song.opus,/mnt/ml-data/training_songs/Custom/I See Stars - NZT48 (RhythmAuthors)/notes.mid,262.0,custom
Beg For More (Cerulean),In Her Own Words,punk,/mnt/ml-data/training_songs/Custom/In Her Own Words - Beg For More (Cerulean)/In Her Own Words - Beg For More (Cerulean)/song.opus,/mnt/ml-data/training_songs/Custom/In Her Own Words - Beg For More (Cerulean)/In Her Own Words - Beg For More (Cerulean)/notes.mid,174.7,custom
The Science of Selling Yourself Short,Less Than Jake,punk,/mnt/ml-data/training_songs/Custom/Less Than Jake - The Science of Selling Yourself Short/Less Than Jake - The Science of Selling Yourself Short/song.ogg,/mnt/ml-data/training_songs/Custom/Less Than Jake - The Science of Selling Yourself Short/Less Than Jake - The Science of Selling Yourself Short/notes.mid,186.9,custom
Summer Girls,LFO,pop,/mnt/ml-data/training_songs/Custom/LFO - Summer Girls/song.ogg,/mnt/ml-data/training_songs/Custom/LFO - Summer Girls/notes.mid,262.8,custom
Action／Adventure (RockGamer),Memphis May Fire,metal,/mnt/ml-data/training_songs/Custom/Memphis May Fire - Action／Adventure (RockGamer)/song.opus,/mnt/ml-data/training_songs/Custom/Memphis May Fire - Action／Adventure (RockGamer)/notes.mid,250.5,custom
Be Careful What You Wish For (RockGamer),Memphis May Fire,metal,/mnt/ml-data/training_songs/Custom/Memphis May Fire - Be Careful What You Wish For (RockGamer)/song.opus,/mnt/ml-data/training_songs/Custom/Memphis May Fire - Be Careful What You Wish For (RockGamer)/notes.mid,220.0,custom
Blood & Water (Yhughu),Memphis May Fire,metal,/mnt/ml-data/training_songs/Custom/Memphis May Fire - Blood & Water (Yhughu)/guitar.opus,/mnt/ml-data/training_songs/Custom/Memphis May Fire - Blood & Water (Yhughu)/notes.mid,233.7,custom
Prove Me Right (Bloodline),Memphis May Fire,metal,/mnt/ml-data/training_songs/Custom/Memphis May Fire - Prove Me Right (Bloodline)/guitar.opus,/mnt/ml-data/training_songs/Custom/Memphis May Fire - Prove Me Right (Bloodline)/notes.mid,259.1,custom
A Christmas Rock Medley (2x Bass Pedal Expert+),Richard Campbell,jazz,/mnt/ml-data/training_songs/Custom/Richard Campbell - A Christmas Rock Medley (2x Bass Pedal Expert+)/song.ogg,/mnt/ml-data/training_songs/Custom/Richard Campbell - A Christmas Rock Medley (2x Bass Pedal Expert+)/notes.mid,285.9,custom
Oh Sherrie,Steve Perry,pop,/mnt/ml-data/training_songs/Custom/Steve Perry - Oh Sherrie/Steve Perry - Oh Sherrie/guitar.ogg,/mnt/ml-data/training_songs/Custom/Steve Perry - Oh Sherrie/Steve Perry - Oh Sherrie/notes.mid,234.1,custom
All the Things She Said,t.A.T.u.,pop,/mnt/ml-data/training_songs/Custom/t.A.T.u. - All the Things She Said/t.A.T.u. - All the Things She Said/guitar.ogg,/mnt/ml-data/training_songs/Custom/t.A.T.u. - All the Things She Said/t.A.T.u. - All the Things She Said/notes.mid,218.5,custom
The Boys of Summer (Don Henley cover),The Ataris,punk,/mnt/ml-data/training_songs/Custom/The Ataris - The Boys of Summer (Don Henley cover)/guitar.ogg,/mnt/ml-data/training_songs/Custom/The Ataris - The Boys of Summer (Don Henley cover)/notes.mid,261.7,custom
Video Killed the Radio Star,The Buggles,pop,/mnt/ml-data/training_songs/Custom/The Buggles - Video Killed the Radio Star/song.ogg,/mnt/ml-data/training_songs/Custom/The Buggles - Video Killed the Radio Star/notes.mid,249.2,custom
Gloria (Luke Noel III),The Midnight,electronic,/mnt/ml-data/training_songs/Custom/The Midnight - Gloria (Luke Noel III)/song.opus,/mnt/ml-data/training_songs/Custom/The Midnight - Gloria (Luke Noel III)/notes.mid,297.1,custom
Empty Space,The Story So Far,punk,/mnt/ml-data/training_songs/Custom/The Story So Far - Empty Space/The Story So Far - Empty Space/song.ogg,/mnt/ml-data/training_songs/Custom/The Story So Far - Empty Space/The Story So Far - Empty Space/notes.mid,153.1,custom
redrum,21 Savage,hiphop,/mnt/ml-data/training_songs/FortniteFestival/21 Savage - redrum/song.ogg,/mnt/ml-data/training_songs/FortniteFestival/21 Savage - redrum/notes.mid,273.5,fortnite_festival
All Eyez on Me (ft. Big Syke),2Pac,hiphop,/mnt/ml-data/training_songs/FortniteFestival/2Pac - All Eyez on Me (ft. Big Syke)/song.ogg,/mnt/ml-data/training_songs/FortniteFestival/2Pac - All Eyez on Me (ft. Big Syke)/notes.mid,311.3,fortnite_festival
Changes (ft. Talent),2Pac,hiphop,/mnt/ml-data/training_songs/FortniteFestival/2Pac - Changes (ft. Talent)/song.ogg,/mnt/ml-data/training_songs/FortniteFestival/2Pac - Changes (ft. Talent)/notes.mid,274.0,fortnite_festival
Scenario (ft. Leaders of the New School),A Tribe Called Quest,hiphop,/mnt/ml-data/training_songs/FortniteFestival/A Tribe Called Quest - Scenario (ft. Leaders of the New School)/song.ogg,/mnt/ml-data/training_songs/FortniteFestival/A Tribe Called Quest - Scenario (ft. Leaders of the New School)/notes.mid,256.7,fortnite_festival
Better Off Alone,Alice Deejay,electronic,/mnt/ml-data/training_songs/FortniteFestival/Alice Deejay - Better Off Alone/song.ogg,/mnt/ml-data/training_songs/FortniteFestival/Alice Deejay - Better Off Alone/notes.mid,218.4,fortnite_festival
if u think i'm pretty,Artemas,pop,/mnt/ml-data/training_songs/FortniteFestival/Artemas - if u think i'm pretty/song.ogg,/mnt/ml-data/training_songs/FortniteFestival/Artemas - if u think i'm pretty/notes.mid,130.4,fortnite_festival
Poison,Bell Biv DeVoe,pop,/mnt/ml-data/training_songs/FortniteFestival/Bell Biv DeVoe - Poison/song.ogg,/mnt/ml-data/training_songs/FortniteFestival/Bell Biv DeVoe - Poison/notes.mid,268.4,fortnite_festival
Ain't No Rest for the Wicked,Cage the Elephant,rock,/mnt/ml-data/training_songs/FortniteFestival/Cage the Elephant - Ain't No Rest for the Wicked/song.ogg,/mnt/ml-data/training_songs/FortniteFestival/Cage the Elephant - Ain't No Rest for the Wicked/notes.mid,178.5,fortnite_festival
Insane in the Brain,Cypress Hill,hiphop,/mnt/ml-data/training_songs/FortniteFestival/Cypress Hill - Insane in the Brain/song.ogg,/mnt/ml-data/training_songs/FortniteFestival/Cypress Hill - Insane in the Brain/notes.mid,213.9,fortnite_festival
HAPPY,DAY6,pop,/mnt/ml-data/training_songs/FortniteFestival/DAY6 - HAPPY/song.ogg,/mnt/ml-data/training_songs/FortniteFestival/DAY6 - HAPPY/notes.mid,190.5,fortnite_festival
Ghosts 'n' Stuff,"deadmau5, Rob Swire",electronic,"/mnt/ml-data/training_songs/FortniteFestival/deadmau5, Rob Swire - Ghosts 'n' Stuff/song.ogg","/mnt/ml-data/training_songs/FortniteFestival/deadmau5, Rob Swire - Ghosts 'n' Stuff/notes.mid",200.7,fortnite_festival
X Gon' Give It to Ya,DMX,hiphop,/mnt/ml-data/training_songs/FortniteFestival/DMX - X Gon' Give It to Ya/song.ogg,/mnt/ml-data/training_songs/FortniteFestival/DMX - X Gon' Give It to Ya/notes.mid,215.3,fortnite_festival
GIVENCHY,DUKI,pop,/mnt/ml-data/training_songs/FortniteFestival/DUKI - GIVENCHY/song.ogg,/mnt/ml-data/training_songs/FortniteFestival/DUKI - GIVENCHY/notes.mid,186.1,fortnite_festival
Ella Baila Sola (ft. Peso Pluma),Eslabon Armado,pop,/mnt/ml-data/training_songs/FortniteFestival/Eslabon Armado - Ella Baila Sola (ft. Peso Pluma)/song.ogg,/mnt/ml-data/training_songs/FortniteFestival/Eslabon Armado - Ella Baila Sola (ft. Peso Pluma)/notes.mid,169.1,fortnite_festival
SLAY!,Eternxlkz,metal,/mnt/ml-data/training_songs/FortniteFestival/Eternxlkz - SLAY!/song.ogg,/mnt/ml-data/training_songs/FortniteFestival/Eternxlkz - SLAY!/notes.mid,107.1,fortnite_festival
Big Dawgs,Hanumankind ft. Kalmi,pop,/mnt/ml-data/training_songs/FortniteFestival/Hanumankind ft. Kalmi - Big Dawgs/song.ogg,/mnt/ml-data/training_songs/FortniteFestival/Hanumankind ft. Kalmi - Big Dawgs/notes.mid,195.6,fortnite_festival
In Ha Mood,Ice Spice,hiphop,/mnt/ml-data/training_songs/FortniteFestival/Ice Spice - In Ha Mood/song.ogg,/mnt/ml-data/training_songs/FortniteFestival/Ice Spice - In Ha Mood/notes.mid,124.3,fortnite_festival
Oh Shhh... (ft. Travis Scott),Ice Spice,hiphop,/mnt/ml-data/training_songs/FortniteFestival/Ice Spice - Oh Shhh... (ft. Travis Scott)/song.ogg,/mnt/ml-data/training_songs/FortniteFestival/Ice Spice - Oh Shhh... (ft. Travis Scott)/notes.mid,166.2,fortnite_festival
Lovin on Me,Jack Harlow,hiphop,/mnt/ml-data/training_songs/FortniteFestival/Jack Harlow - Lovin on Me/song.ogg,/mnt/ml-data/training_songs/FortniteFestival/Jack Harlow - Lovin on Me/notes.mid,144.0,fortnite_festival
WHATS POPPIN,Jack Harlow,hiphop,/mnt/ml-data/training_songs/FortniteFestival/Jack Harlow - WHATS POPPIN/song.ogg,/mnt/ml-data/training_songs/FortniteFestival/Jack Harlow - WHATS POPPIN/notes.mid,143.1,fortnite_festival
Surround Sound (ft. 21 Savage & Baby Tate),JID,hiphop,/mnt/ml-data/training_songs/FortniteFestival/JID - Surround Sound (ft. 21 Savage & Baby Tate)/song.ogg,/mnt/ml-data/training_songs/FortniteFestival/JID - Surround Sound (ft. 21 Savage & Baby Tate)/notes.mid,234.7,fortnite_festival
Seven,"Jung Kook, Latto",pop,"/mnt/ml-data/training_songs/FortniteFestival/Jung Kook, Latto - Seven/song.ogg","/mnt/ml-data/training_songs/FortniteFestival/Jung Kook, Latto - Seven/notes.mid",186.3,fortnite_festival
Day 'N' Nite,Kid Cudi,hiphop,/mnt/ml-data/training_songs/FortniteFestival/Kid Cudi - Day 'N' Nite/song.ogg,/mnt/ml-data/training_songs/FortniteFestival/Kid Cudi - Day 'N' Nite/notes.mid,224.9,fortnite_festival
Get Low (ft. Ying Yang Twins),Lil Jon & the East Side Boyz,hiphop,/mnt/ml-data/training_songs/FortniteFestival/Lil Jon & the East Side Boyz - Get Low (ft. Ying Yang Twins)/song.ogg,/mnt/ml-data/training_songs/FortniteFestival/Lil Jon & the East Side Boyz - Get Low (ft. Ying Yang Twins)/notes.mid,330.3,fortnite_festival
Old Town Road (Remix),Lil Nas X ft. Billy Ray Cyrus,pop,/mnt/ml-data/training_songs/FortniteFestival/Lil Nas X ft. Billy Ray Cyrus - Old Town Road (Remix)/song.ogg,/mnt/ml-data/training_songs/FortniteFestival/Lil Nas X ft. Billy Ray Cyrus - Old Town Road (Remix)/notes.mid,160.6,fortnite_festival
The Way Life Goes (ft. Oh Wonder),Lil Uzi Vert,hiphop,/mnt/ml-data/training_songs/FortniteFestival/Lil Uzi Vert - The Way Life Goes (ft. Oh Wonder)/song.ogg,/mnt/ml-data/training_songs/FortniteFestival/Lil Uzi Vert - The Way Life Goes (ft. Oh Wonder)/notes.mid,218.1,fortnite_festival
XO Tour Llif3,Lil Uzi Vert,hiphop,/mnt/ml-data/training_songs/FortniteFestival/Lil Uzi Vert - XO Tour Llif3/song.ogg,/mnt/ml-data/training_songs/FortniteFestival/Lil Uzi Vert - XO Tour Llif3/notes.mid,190.4,fortnite_festival
Astronaut in the Ocean,Masked Wolf,hiphop,/mnt/ml-data/training_songs/FortniteFestival/Masked Wolf - Astronaut in the Ocean/song.ogg,/mnt/ml-data/training_songs/FortniteFestival/Masked Wolf - Astronaut in the Ocean/notes.mid,135.2,fortnite_festival
Savage,Megan Thee Stallion,hiphop,/mnt/ml-data/training_songs/FortniteFestival/Megan Thee Stallion - Savage/song.ogg,/mnt/ml-data/training_songs/FortniteFestival/Megan Thee Stallion - Savage/notes.mid,146.3,fortnite_festival
Montagem Tomada (Slowed),MXZI,metal,/mnt/ml-data/training_songs/FortniteFestival/MXZI - Montagem Tomada (Slowed)/song.ogg,/mnt/ml-data/training_songs/FortniteFestival/MXZI - Montagem Tomada (Slowed)/notes.mid,86.8,fortnite_festival
Let Me Hold You,Netsky & Hybrid Minds,electronic,/mnt/ml-data/training_songs/FortniteFestival/Netsky & Hybrid Minds - Let Me Hold You/song.ogg,/mnt/ml-data/training_songs/FortniteFestival/Netsky & Hybrid Minds - Let Me Hold You/notes.mid,202.6,fortnite_festival
Walk Em Down (ft. Roddy Ricch),NLE Choppa,hiphop,/mnt/ml-data/training_songs/FortniteFestival/NLE Choppa - Walk Em Down (ft. Roddy Ricch)/song.ogg,/mnt/ml-data/training_songs/FortniteFestival/NLE Choppa - Walk Em Down (ft. Roddy Ricch)/notes.mid,170.0,fortnite_festival
Stick Season,Noah Kahan,pop,/mnt/ml-data/training_songs/FortniteFestival/Noah Kahan - Stick Season/song.ogg,/mnt/ml-data/training_songs/FortniteFestival/Noah Kahan - Stick Season/notes.mid,184.7,fortnite_festival
Boy's a Liar Pt. 2 (ft. Ice Spice),PinkPantheress,pop,/mnt/ml-data/training_songs/FortniteFestival/PinkPantheress - Boy's a Liar Pt. 2 (ft. Ice Spice)/song.ogg,/mnt/ml-data/training_songs/FortniteFestival/PinkPantheress - Boy's a Liar Pt. 2 (ft. Ice Spice)/notes.mid,137.2,fortnite_festival
For The Night,Pop Smoke w  Lil Baby & DaBaby,hiphop,/mnt/ml-data/training_songs/FortniteFestival/Pop Smoke w  Lil Baby & DaBaby - For The Night/song.ogg,/mnt/ml-data/training_songs/FortniteFestival/Pop Smoke w  Lil Baby & DaBaby - For The Night/notes.mid,196.2,fortnite_festival
APT,"ROSÉ, Bruno Mars",pop,"/mnt/ml-data/training_songs/FortniteFestival/ROSÉ, Bruno Mars - APT/song.ogg","/mnt/ml-data/training_songs/FortniteFestival/ROSÉ, Bruno Mars - APT/notes.mid",172.9,fortnite_festival
Walk This Way (ft. Aerosmith),Run-DMC,hiphop,/mnt/ml-data/training_songs/FortniteFestival/Run-DMC - Walk This Way (ft. Aerosmith)/song.ogg,/mnt/ml-data/training_songs/FortniteFestival/Run-DMC - Walk This Way (ft. Aerosmith)/notes.mid,317.9,fortnite_festival
Mun Rá,Sabotage & Instituto,pop,/mnt/ml-data/training_songs/FortniteFestival/Sabotage & Instituto - Mun Rá/song.ogg,/mnt/ml-data/training_songs/FortniteFestival/Sabotage & Instituto - Mun Rá/notes.mid,279.9,fortnite_festival
Roses (Imanbek Remix),SAINt JHN,pop,/mnt/ml-data/training_songs/FortniteFestival/SAINt JHN - Roses (Imanbek Remix)/song.ogg,/mnt/ml-data/training_songs/FortniteFestival/SAINt JHN - Roses (Imanbek Remix)/notes.mid,179.5,fortnite_festival
Get Busy,Sean Paul,hiphop,/mnt/ml-data/training_songs/FortniteFestival/Sean Paul - Get Busy/song.ogg,/mnt/ml-data/training_songs/FortniteFestival/Sean Paul - Get Busy/notes.mid,222.8,fortnite_festival
Gimme the Light,Sean Paul,hiphop,/mnt/ml-data/training_songs/FortniteFestival/Sean Paul - Gimme the Light/song.ogg,/mnt/ml-data/training_songs/FortniteFestival/Sean Paul - Gimme the Light/notes.mid,232.9,fortnite_festival
Party Like a Rock Star,Shop Boyz,hiphop,/mnt/ml-data/training_songs/FortniteFestival/Shop Boyz - Party Like a Rock Star/song.ogg,/mnt/ml-data/training_songs/FortniteFestival/Shop Boyz - Party Like a Rock Star/notes.mid,243.3,fortnite_festival
Funny Song,Slipstream Music,electronic,/mnt/ml-data/training_songs/FortniteFestival/Slipstream Music - Funny Song/song.ogg,/mnt/ml-data/training_songs/FortniteFestival/Slipstream Music - Funny Song/notes.mid,110.1,fortnite_festival
Pump Up the Jam,Technotronic,electronic,/mnt/ml-data/training_songs/FortniteFestival/Technotronic - Pump Up the Jam/song.ogg,/mnt/ml-data/training_songs/FortniteFestival/Technotronic - Pump Up the Jam/notes.mid,221.2,fortnite_festival
Lean Back (ft. Remy & Fat Joe),Terror Squad,hiphop,/mnt/ml-data/training_songs/FortniteFestival/Terror Squad - Lean Back (ft. Remy & Fat Joe)/song.ogg,/mnt/ml-data/training_songs/FortniteFestival/Terror Squad - Lean Back (ft. Remy & Fat Joe)/notes.mid,252.2,fortnite_festival
Big Poppa,The Notorious B.I.G,hiphop,/mnt/ml-data/training_songs/FortniteFestival/The Notorious B.I.G - Big Poppa/song.ogg,/mnt/ml-data/training_songs/FortniteFestival/The Notorious B.I.G - Big Poppa/notes.mid,255.4,fortnite_festival
Juicy,The Notorious B.I.G,hiphop,/mnt/ml-data/training_songs/FortniteFestival/The Notorious B.I.G - Juicy/song.ogg,/mnt/ml-data/training_songs/FortniteFestival/The Notorious B.I.G - Juicy/notes.mid,285.8,fortnite_festival
Notorious Thugs,The Notorious B.I.G,hiphop,/mnt/ml-data/training_songs/FortniteFestival/The Notorious B.I.G - Notorious Thugs/song.ogg,/mnt/ml-data/training_songs/FortniteFestival/The Notorious B.I.G - Notorious Thugs/notes.mid,365.6,fortnite_festival
The Way I Are (ft. Keri Hilson & D.O.E.),Timbaland,hiphop,/mnt/ml-data/training_songs/FortniteFestival/Timbaland - The Way I Are (ft. Keri Hilson & D.O.E.)/song.ogg,/mnt/ml-data/training_songs/FortniteFestival/Timbaland - The Way I Are (ft. Keri Hilson & D.O.E.)/notes.mid,184.1,fortnite_festival
No Scrubs,TLC,pop,/mnt/ml-data/training_songs/FortniteFestival/TLC - No Scrubs/song.ogg,/mnt/ml-data/training_songs/FortniteFestival/TLC - No Scrubs/notes.mid,243.8,fortnite_festival
Regulate (ft. Nate Dogg),Warren G,hiphop,/mnt/ml-data/training_songs/FortniteFestival/Warren G - Regulate (ft. Nate Dogg)/song.ogg,/mnt/ml-data/training_songs/FortniteFestival/Warren G - Regulate (ft. Nate Dogg)/notes.mid,248.8,fortnite_festival
C.R.E.A.M. (Cash Rules Everything Around Me),Wu-Tang Clan,hiphop,/mnt/ml-data/training_songs/FortniteFestival/Wu-Tang Clan - C.R.E.A.M. (Cash Rules Everything Around Me)/song.ogg,/mnt/ml-data/training_songs/FortniteFestival/Wu-Tang Clan - C.R.E.A.M. (Cash Rules Everything Around Me)/notes.mid,239.5,fortnite_festival
Come to Life,Alter Bridge,metal,/mnt/ml-data/training_songs/Guitar Hero/Base Games/Guitar Hero Van Halen/Alter Bridge - Come to Life/song.ogg,/mnt/ml-data/training_songs/Guitar Hero/Base Games/Guitar Hero Van Halen/Alter Bridge - Come to Life/notes.mid,229.1,guitar_hero
Ties That Bind,Alter Bridge,metal,/mnt/ml-data/training_songs/Guitar Hero/Base Games/Guitar Hero - Warriors of Rock/Guitar Hero - Warriors of Rock/Alter Bridge - Ties That Bind/song.ogg,/mnt/ml-data/training_songs/Guitar Hero/Base Games/Guitar Hero - Warriors of Rock/Guitar Hero - Warriors of Rock/Alter Bridge - Ties That Bind/notes.mid,204.2,guitar_hero
Like Whoa,Aly & AJ,pop,/mnt/ml-data/training_songs/Guitar Hero/Base Games/Band Hero/Band Hero/Aly & AJ - Like Whoa/song.ogg,/mnt/ml-data/training_songs/Guitar Hero/Base Games/Band Hero/Band Hero/Aly & AJ - Like Whoa/notes.mid,156.1,guitar_hero
Twilight of the Thunder God,Amon Amarth,metal,/mnt/ml-data/training_songs/Guitar Hero/DLC/Guitar Hero 5 DLC/Amon Amarth - Twilight of the Thunder God/song.ogg,/mnt/ml-data/training_songs/Guitar Hero/DLC/Guitar Hero 5 DLC/Amon Amarth - Twilight of the Thunder God/notes.mid,247.3,guitar_hero
Nemesis,Arch Enemy,metal,/mnt/ml-data/training_songs/Guitar Hero/Base Games/Guitar Hero - Warriors of Rock/Guitar Hero - Warriors of Rock/Arch Enemy - Nemesis/song.ogg,/mnt/ml-data/training_songs/Guitar Hero/Base Games/Guitar Hero - Warriors of Rock/Guitar Hero - Warriors of Rock/Arch Enemy - Nemesis/notes.mid,245.3,guitar_hero
The Silence Is Deafening,Awaken,metal,/mnt/ml-data/training_songs/Guitar Hero/DLC/Guitar Hero World Tour DLC/Awaken - The Silence Is Deafening/song.ogg,/mnt/ml-data/training_songs/Guitar Hero/DLC/Guitar Hero World Tour DLC/Awaken - The Silence Is Deafening/notes.mid,316.1,guitar_hero
Re-Ignition (Live),Bad Brains,punk,/mnt/ml-data/training_songs/Guitar Hero/Base Games/Guitar Hero - Warriors of Rock/Guitar Hero - Warriors of Rock/Bad Brains - Re-Ignition (Live)/song.ogg,/mnt/ml-data/training_songs/Guitar Hero/Base Games/Guitar Hero - Warriors of Rock/Guitar Hero - Warriors of Rock/Bad Brains - Re-Ignition (Live)/notes.mid,273.2,guitar_hero
I Know What I Am,Band Of Skulls,rock,/mnt/ml-data/training_songs/Guitar Hero/Base Games/Guitar Hero - Warriors of Rock/Guitar Hero - Warriors of Rock/Band Of Skulls - I Know What I Am/song.ogg,/mnt/ml-data/training_songs/Guitar Hero/Base Games/Guitar Hero - Warriors of Rock/Guitar Hero - Warriors of Rock/Band Of Skulls - I Know What I Am/notes.mid,203.3,guitar_hero
No Sleep Till Brooklyn,Beastie Boys ft. Kerry King,hiphop,/mnt/ml-data/training_songs/Guitar Hero/Base Games/Guitar Hero World Tour/Guitar Hero World Tour/Beastie Boys ft. Kerry King - No Sleep Till Brooklyn/song.ogg,/mnt/ml-data/training_songs/Guitar Hero/Base Games/Guitar Hero World Tour/Guitar Hero World Tour/Beastie Boys ft. Kerry King - No Sleep Till Brooklyn/notes.mid,271.1,guitar_hero
Hail to the Freaks,Beatsteaks,punk,/mnt/ml-data/training_songs/Guitar Hero/Base Games/Guitar Hero World Tour/Guitar Hero World Tour/Beatsteaks - Hail to the Freaks/song.ogg,/mnt/ml-data/training_songs/Guitar Hero/Base Games/Guitar Hero World Tour/Guitar Hero World Tour/Beatsteaks - Hail to the Freaks/notes.mid,189.8,guitar_hero
Black Sunday,Black Label Society,metal,/mnt/ml-data/training_songs/Guitar Hero/DLC/Guitar Hero Warriors of Rock DLC/Black Label Society - Black Sunday/song.ogg,/mnt/ml-data/training_songs/Guitar Hero/DLC/Guitar Hero Warriors of Rock DLC/Black Label Society - Black Sunday/notes.mid,205.1,guitar_hero
Crazy Horse,Black Label Society,metal,/mnt/ml-data/training_songs/Guitar Hero/DLC/Guitar Hero Warriors of Rock DLC/Black Label Society - Crazy Horse/song.ogg,/mnt/ml-data/training_songs/Guitar Hero/DLC/Guitar Hero Warriors of Rock DLC/Black Label Society - Crazy Horse/notes.mid,248.2,guitar_hero
Parade of the Dead,Black Label Society,metal,/mnt/ml-data/training_songs/Guitar Hero/DLC/Guitar Hero Warriors of Rock DLC/Black Label Society - Parade of the Dead/song.ogg,/mnt/ml-data/training_songs/Guitar Hero/DLC/Guitar Hero Warriors of Rock DLC/Black Label Society - Parade of the Dead/notes.mid,218.7,guitar_hero
Stillborn,Black Label Society,metal,/mnt/ml-data/training_songs/Guitar Hero/Base Games/Guitar Hero World Tour/Guitar Hero World Tour/Black Label Society - Stillborn/song.ogg,/mnt/ml-data/training_songs/Guitar Hero/Base Games/Guitar Hero World Tour/Guitar Hero World Tour/Black Label Society - Stillborn/notes.mid,196.8,guitar_hero
Godzilla,Blue Oyster Cult,rock,/mnt/ml-data/training_songs/Guitar Hero/Base Games/Guitar Hero - Smash Hits/Guitar Hero - Smash Hits/Blue Oyster Cult - Godzilla/song.ogg,/mnt/ml-data/training_songs/Guitar Hero/Base Games/Guitar Hero - Smash Hits/Guitar Hero - Smash Hits/Blue Oyster Cult - Godzilla/notes.mid,225.1,guitar_hero
Get Out of Denver,Bob Seger,rock,/mnt/ml-data/training_songs/Guitar Hero/DLC/Guitar Hero World Tour DLC/Bob Seger - Get Out of Denver/song.ogg,/mnt/ml-data/training_songs/Guitar Hero/DLC/Guitar Hero World Tour DLC/Bob Seger - Get Out of Denver/notes.mid,164.9,guitar_hero
What Do I Get,Buzzcocks,punk,/mnt/ml-data/training_songs/Guitar Hero/Base Games/Guitar Hero - Warriors of Rock/Guitar Hero - Warriors of Rock/Buzzcocks - What Do I Get/song.ogg,/mnt/ml-data/training_songs/Guitar Hero/Base Games/Guitar Hero - Warriors of Rock/Guitar Hero - Warriors of Rock/Buzzcocks - What Do I Get/notes.mid,185.5,guitar_hero
On Broken Glass,Chimaira,metal,/mnt/ml-data/training_songs/Guitar Hero/DLC/Guitar Hero World Tour DLC/Chimaira - On Broken Glass/song.ogg,/mnt/ml-data/training_songs/Guitar Hero/DLC/Guitar Hero World Tour DLC/Chimaira - On Broken Glass/notes.mid,227.7,guitar_hero
Look Good In Leather,Cody ChesnuTT,jazz,/mnt/ml-data/training_songs/Guitar Hero/DLC/Guitar Hero World Tour DLC/Cody ChesnuTT - Look Good In Leather/song.ogg,/mnt/ml-data/training_songs/Guitar Hero/DLC/Guitar Hero World Tour DLC/Cody ChesnuTT - Look Good In Leather/notes.mid,232.2,guitar_hero
Put Your Records On,Corinne Bailey Rae,jazz,/mnt/ml-data/training_songs/Guitar Hero/Base Games/Band Hero/Band Hero/Corinne Bailey Rae - Put Your Records On/song.ogg,/mnt/ml-data/training_songs/Guitar Hero/Base Games/Band Hero/Band Hero/Corinne Bailey Rae - Put Your Records On/notes.mid,218.4,guitar_hero
Mother,Danzig,metal,/mnt/ml-data/training_songs/Guitar Hero/Base Games/Guitar Hero - Smash Hits/Guitar Hero - Smash Hits/Danzig - Mother/song.ogg,/mnt/ml-data/training_songs/Guitar Hero/Base Games/Guitar Hero - Smash Hits/Guitar Hero - Smash Hits/Danzig - Mother/notes.mid,210.0,guitar_hero
Beyond the Life You Know,Darkest Hour,metal,/mnt/ml-data/training_songs/Guitar Hero/DLC/Guitar Hero Warriors of Rock DLC/Darkest Hour - Beyond the Life You Know/song.ogg,/mnt/ml-data/training_songs/Guitar Hero/DLC/Guitar Hero Warriors of Rock DLC/Darkest Hour - Beyond the Life You Know/notes.mid,252.4,guitar_hero
Demon(s),Darkest Hour,metal,/mnt/ml-data/training_songs/Guitar Hero/Base Games/Guitar Hero 5/Guitar Hero 5/Darkest Hour - Demon(s)/song.ogg,/mnt/ml-data/training_songs/Guitar Hero/Base Games/Guitar Hero 5/Guitar Hero 5/Darkest Hour - Demon(s)/notes.mid,233.3,guitar_hero
Doomsayer,Darkest Hour,metal,/mnt/ml-data/training_songs/Guitar Hero/DLC/Guitar Hero Warriors of Rock DLC/Darkest Hour - Doomsayer/song.ogg,/mnt/ml-data/training_songs/Guitar Hero/DLC/Guitar Hero Warriors of Rock DLC/Darkest Hour - Doomsayer/notes.mid,275.3,guitar_hero
Savor the Kill,Darkest Hour,metal,/mnt/ml-data/training_songs/Guitar Hero/DLC/Guitar Hero Warriors of Rock DLC/Darkest Hour - Savor the Kill/song.ogg,/mnt/ml-data/training_songs/Guitar Hero/DLC/Guitar Hero Warriors of Rock DLC/Darkest Hour - Savor the Kill/notes.mid,228.4,guitar_hero
Bloodlines,Dethklok,metal,/mnt/ml-data/training_songs/Guitar Hero/Base Games/Guitar Hero - Warriors of Rock/Guitar Hero - Warriors of Rock/Dethklok - Bloodlines/song.ogg,/mnt/ml-data/training_songs/Guitar Hero/Base Games/Guitar Hero - Warriors of Rock/Guitar Hero - Warriors of Rock/Dethklok - Bloodlines/notes.mid,220.4,guitar_hero
Laser Cannon Deth Sentence,Dethklok,metal,/mnt/ml-data/training_songs/Guitar Hero/DLC/Guitar Hero 5 DLC/Dethklok - Laser Cannon Deth Sentence/song.ogg,/mnt/ml-data/training_songs/Guitar Hero/DLC/Guitar Hero 5 DLC/Dethklok - Laser Cannon Deth Sentence/notes.mid,276.4,guitar_hero
Am I Evil,Diamond Head,metal,/mnt/ml-data/training_songs/Guitar Hero/Base Games/Guitar Hero - Metallica/Diamond Head - Am I Evil/song.ogg,/mnt/ml-data/training_songs/Guitar Hero/Base Games/Guitar Hero - Metallica/Diamond Head - Am I Evil/notes.mid,454.4,guitar_hero
Bug Eyes,Dredg,prog,/mnt/ml-data/training_songs/Guitar Hero/Base Games/Guitar Hero 5/Guitar Hero 5 Hidden Songs/Dredg - Bug Eyes/song.ogg,/mnt/ml-data/training_songs/Guitar Hero/Base Games/Guitar Hero 5/Guitar Hero 5 Hidden Songs/Dredg - Bug Eyes/notes.mid,254.9,guitar_hero
Bodies,Drowning Pool,metal,/mnt/ml-data/training_songs/Guitar Hero/Base Games/Guitar Hero - Warriors of Rock/Guitar Hero - Warriors of Rock/Drowning Pool - Bodies/song.ogg,/mnt/ml-data/training_songs/Guitar Hero/Base Games/Guitar Hero - Warriors of Rock/Guitar Hero - Warriors of Rock/Drowning Pool - Bodies/notes.mid,212.7,guitar_hero
Warwick Avenue,Duffy,jazz,/mnt/ml-data/training_songs/Guitar Hero/Base Games/Band Hero/Band Hero/Duffy - Warwick Avenue/song.ogg,/mnt/ml-data/training_songs/Guitar Hero/Base Games/Band Hero/Band Hero/Duffy - Warwick Avenue/notes.mid,233.1,guitar_hero
Free Ride,Edgar Winter,metal,/mnt/ml-data/training_songs/Guitar Hero/Base Games/Guitar Hero - Warriors of Rock/Guitar Hero - Warriors of Rock/Edgar Winter - Free Ride/song.ogg,/mnt/ml-data/training_songs/Guitar Hero/Base Games/Guitar Hero - Warriors of Rock/Guitar Hero - Warriors of Rock/Edgar Winter - Free Ride/notes.mid,213.1,guitar_hero
Camel's Night Out,Eric Johnson,prog,/mnt/ml-data/training_songs/Guitar Hero/DLC/Guitar Hero World Tour DLC/Eric Johnson - Camel's Night Out/rhythm.ogg,/mnt/ml-data/training_songs/Guitar Hero/DLC/Guitar Hero World Tour DLC/Eric Johnson - Camel's Night Out/notes.mid,324.0,guitar_hero
Play With Me,Extreme,prog,/mnt/ml-data/training_songs/Guitar Hero/Base Games/Guitar Hero - Smash Hits/Guitar Hero - Smash Hits/Extreme - Play With Me/song.ogg,/mnt/ml-data/training_songs/Guitar Hero/Base Games/Guitar Hero - Smash Hits/Guitar Hero - Smash Hits/Extreme - Play With Me/notes.mid,211.2,guitar_hero
World On Fire,Firewind,metal,/mnt/ml-data/training_songs/Guitar Hero/DLC/Guitar Hero Warriors of Rock DLC/Firewind - World On Fire/song.ogg,/mnt/ml-data/training_songs/Guitar Hero/DLC/Guitar Hero Warriors of Rock DLC/Firewind - World On Fire/notes.mid,260.4,guitar_hero
(No More) Paddy's Lament,Flogging Molly,punk,/mnt/ml-data/training_songs/Guitar Hero/DLC/Guitar Hero 5 DLC/Flogging Molly - (No More) Paddy's Lament/song.ogg,/mnt/ml-data/training_songs/Guitar Hero/DLC/Guitar Hero 5 DLC/Flogging Molly - (No More) Paddy's Lament/notes.mid,209.1,guitar_hero
Requiem for a Dying Song,Flogging Molly,punk,/mnt/ml-data/training_songs/Guitar Hero/DLC/Guitar Hero 5 DLC/Flogging Molly - Requiem for a Dying Song/song.ogg,/mnt/ml-data/training_songs/Guitar Hero/DLC/Guitar Hero 5 DLC/Flogging Molly - Requiem for a Dying Song/notes.mid,215.4,guitar_hero
The Seven Deadly Sins,Flogging Molly,punk,/mnt/ml-data/training_songs/Guitar Hero/DLC/Guitar Hero 5 DLC/Flogging Molly - The Seven Deadly Sins/song.ogg,/mnt/ml-data/training_songs/Guitar Hero/DLC/Guitar Hero 5 DLC/Flogging Molly - The Seven Deadly Sins/notes.mid,172.5,guitar_hero
Beenox Logo,François Jalbert,jazz,/mnt/ml-data/training_songs/Guitar Hero/Base Games/Guitar Hero - Smash Hits/Guitar Hero - Smash Hits/François Jalbert - Beenox Logo/guitar.ogg,/mnt/ml-data/training_songs/Guitar Hero/Base Games/Guitar Hero - Smash Hits/Guitar Hero - Smash Hits/François Jalbert - Beenox Logo/notes.mid,18.0,guitar_hero
Streamline Woman,Gov't Mule,rock,/mnt/ml-data/training_songs/Guitar Hero/Base Games/Guitar Hero 5/Guitar Hero 5/Gov't Mule - Streamline Woman/song.ogg,/mnt/ml-data/training_songs/Guitar Hero/Base Games/Guitar Hero 5/Guitar Hero 5/Gov't Mule - Streamline Woman/notes.mid,250.2,guitar_hero
Gor-Gor,GWAR,metal,/mnt/ml-data/training_songs/Guitar Hero/DLC/Guitar Hero 5 DLC/GWAR - Gor-Gor/song.ogg,/mnt/ml-data/training_songs/Guitar Hero/DLC/Guitar Hero 5 DLC/GWAR - Gor-Gor/notes.mid,257.6,guitar_hero
Rescue Me,Hawthorne Heights,punk,/mnt/ml-data/training_songs/Guitar Hero/DLC/Guitar Hero Warriors of Rock DLC/Hawthorne Heights - Rescue Me/song.ogg,/mnt/ml-data/training_songs/Guitar Hero/DLC/Guitar Hero Warriors of Rock DLC/Hawthorne Heights - Rescue Me/notes.mid,190.7,guitar_hero
Unsung,Helmet,metal,/mnt/ml-data/training_songs/Guitar Hero/Base Games/Guitar Hero - Smash Hits/Guitar Hero - Smash Hits/Helmet - Unsung/song.ogg,/mnt/ml-data/training_songs/Guitar Hero/Base Games/Guitar Hero - Smash Hits/Guitar Hero - Smash Hits/Helmet - Unsung/notes.mid,228.5,guitar_hero
Oh Yeah!,Housse de Racket,electronic,/mnt/ml-data/training_songs/Guitar Hero/DLC/Guitar Hero World Tour DLC/Housse de Racket - Oh Yeah!/song.ogg,/mnt/ml-data/training_songs/Guitar Hero/DLC/Guitar Hero World Tour DLC/Housse de Racket - Oh Yeah!/notes.mid,212.8,guitar_hero
I'll Never Know,Hundred Reasons,punk,/mnt/ml-data/training_songs/Guitar Hero/DLC/Guitar Hero World Tour DLC/Hundred Reasons - I'll Never Know/song.ogg,/mnt/ml-data/training_songs/Guitar Hero/DLC/Guitar Hero World Tour DLC/Hundred Reasons - I'll Never Know/notes.mid,190.0,guitar_hero
Disconnected,In Flames,metal,/mnt/ml-data/training_songs/Guitar Hero/DLC/Guitar Hero World Tour DLC/In Flames - Disconnected/song.ogg,/mnt/ml-data/training_songs/Guitar Hero/DLC/Guitar Hero World Tour DLC/In Flames - Disconnected/notes.mid,217.0,guitar_hero
Black Cat,Janet Jackson,pop,/mnt/ml-data/training_songs/Guitar Hero/Base Games/Band Hero/Band Hero/Janet Jackson - Black Cat/song.ogg,/mnt/ml-data/training_songs/Guitar Hero/Base Games/Band Hero/Band Hero/Janet Jackson - Black Cat/notes.mid,274.0,guitar_hero
Scatterbrain (Live),Jeff Beck,metal,/mnt/ml-data/training_songs/Guitar Hero/Base Games/Guitar Hero 5/Guitar Hero 5/Jeff Beck - Scatterbrain (Live)/song.ogg,/mnt/ml-data/training_songs/Guitar Hero/Base Games/Guitar Hero 5/Guitar Hero 5/Jeff Beck - Scatterbrain (Live)/notes.mid,275.5,guitar_hero
Lonesome Road Blues,Joe Bonamassa,metal,/mnt/ml-data/training_songs/Guitar Hero/DLC/Guitar Hero 5 DLC/Joe Bonamassa - Lonesome Road Blues/song.ogg,/mnt/ml-data/training_songs/Guitar Hero/DLC/Guitar Hero 5 DLC/Joe Bonamassa - Lonesome Road Blues/notes.mid,189.2,guitar_hero
Black Widow of La Porte,John 5 Featuring Jim Root,metal,/mnt/ml-data/training_songs/Guitar Hero/Base Games/Guitar Hero - Warriors of Rock/Guitar Hero - Warriors of Rock/John 5 Featuring Jim Root - Black Widow of La Porte/song.ogg,/mnt/ml-data/training_songs/Guitar Hero/Base Games/Guitar Hero - Warriors of Rock/Guitar Hero - Warriors of Rock/John 5 Featuring Jim Root - Black Widow of La Porte/notes.mid,450.7,guitar_hero
Walking On Sunshine,Katrina and the Waves,pop,/mnt/ml-data/training_songs/Guitar Hero/Base Games/Band Hero/Band Hero/Katrina and the Waves - Walking On Sunshine/song.ogg,/mnt/ml-data/training_songs/Guitar Hero/Base Games/Band Hero/Band Hero/Katrina and the Waves - Walking On Sunshine/notes.mid,235.8,guitar_hero
21st Century Schizoid Man,King Crimson,prog,/mnt/ml-data/training_songs/Guitar Hero/Base Games/Guitar Hero 5/Guitar Hero 5/King Crimson - 21st Century Schizoid Man/song.ogg,/mnt/ml-data/training_songs/Guitar Hero/Base Games/Guitar Hero 5/Guitar Hero 5/King Crimson - 21st Century Schizoid Man/notes.mid,420.5,guitar_hero
Just Dance,Lady Gaga (Feat. Colby O'Donis),pop,/mnt/ml-data/training_songs/Guitar Hero/DLC/Guitar Hero 5 DLC/Lady Gaga (Feat. Colby O'Donis) - Just Dance/song.ogg,/mnt/ml-data/training_songs/Guitar Hero/DLC/Guitar Hero 5 DLC/Lady Gaga (Feat. Colby O'Donis) - Just Dance/notes.mid,245.5,guitar_hero
Black Dog (Live),Led Zeppelin,rock,/mnt/ml-data/training_songs/Guitar Hero/Base Games/Guitar Hero 5/Guitar Hero 5 Hidden Songs/Led Zeppelin - Black Dog (Live)/song.ogg,/mnt/ml-data/training_songs/Guitar Hero/Base Games/Guitar Hero 5/Guitar Hero 5 Hidden Songs/Led Zeppelin - Black Dog (Live)/notes.mid,331.4,guitar_hero
C'est Comme Ca,Les Rita Mitsouko,rock,/mnt/ml-data/training_songs/Guitar Hero/DLC/Guitar Hero World Tour DLC/Les Rita Mitsouko - C'est Comme Ca/song.ogg,/mnt/ml-data/training_songs/Guitar Hero/DLC/Guitar Hero World Tour DLC/Les Rita Mitsouko - C'est Comme Ca/notes.mid,353.8,guitar_hero
Cadillac Solitario (Live),Loquillo Y Los Trogloditas,rock,/mnt/ml-data/training_songs/Guitar Hero/DLC/Guitar Hero World Tour DLC/Loquillo Y Los Trogloditas - Cadillac Solitario (Live)/song.ogg,/mnt/ml-data/training_songs/Guitar Hero/DLC/Guitar Hero World Tour DLC/Loquillo Y Los Trogloditas - Cadillac Solitario (Live)/notes.mid,352.0,guitar_hero
Across 5 Oceans,Madina Lake,punk,/mnt/ml-data/training_songs/Guitar Hero/DLC/Guitar Hero Warriors of Rock DLC/Madina Lake - Across 5 Oceans/song.ogg,/mnt/ml-data/training_songs/Guitar Hero/DLC/Guitar Hero Warriors of Rock DLC/Madina Lake - Across 5 Oceans/notes.mid,207.7,guitar_hero
Hey Superstar,Madina Lake,punk,/mnt/ml-data/training_songs/Guitar Hero/DLC/Guitar Hero Warriors of Rock DLC/Madina Lake - Hey Superstar/song.ogg,/mnt/ml-data/training_songs/Guitar Hero/DLC/Guitar Hero Warriors of Rock DLC/Madina Lake - Hey Superstar/notes.mid,188.5,guitar_hero
Sex and Candy,Marcy Playground,rock,/mnt/ml-data/training_songs/Guitar Hero/DLC/Guitar Hero Warriors of Rock DLC/Marcy Playground - Sex and Candy/song.ogg,/mnt/ml-data/training_songs/Guitar Hero/DLC/Guitar Hero Warriors of Rock DLC/Marcy Playground - Sex and Candy/notes.mid,176.3,guitar_hero
I Heard It Through The Grapevine,Marvin Gaye,jazz,/mnt/ml-data/training_songs/Guitar Hero/Base Games/Band Hero/Band Hero/Marvin Gaye - I Heard It Through The Grapevine/song.ogg,/mnt/ml-data/training_songs/Guitar Hero/Base Games/Band Hero/Band Hero/Marvin Gaye - I Heard It Through The Grapevine/notes.mid,207.1,guitar_hero
Evil,Mercyful Fate,metal,/mnt/ml-data/training_songs/Guitar Hero/Base Games/Guitar Hero - Metallica/Mercyful Fate - Evil/song.ogg,/mnt/ml-data/training_songs/Guitar Hero/Base Games/Guitar Hero - Metallica/Mercyful Fate - Evil/notes.mid,287.1,guitar_hero
Paranoid (Live),Metallica & Ozzy Osbourne,metal,/mnt/ml-data/training_songs/Guitar Hero/Base Games/Guitar Hero - Warriors of Rock/Guitar Hero - Warriors of Rock/Metallica & Ozzy Osbourne - Paranoid (Live)/song.ogg,/mnt/ml-data/training_songs/Guitar Hero/Base Games/Guitar Hero - Warriors of Rock/Guitar Hero - Warriors of Rock/Metallica & Ozzy Osbourne - Paranoid (Live)/notes.mid,167.2,guitar_hero
Beat It,Michael Jackson,pop,/mnt/ml-data/training_songs/Guitar Hero/Base Games/Guitar Hero World Tour/Guitar Hero World Tour/Michael Jackson - Beat It/song.ogg,/mnt/ml-data/training_songs/Guitar Hero/Base Games/Guitar Hero World Tour/Guitar Hero World Tour/Michael Jackson - Beat It/notes.mid,278.2,guitar_hero
Armed and Ready,Michael Schenker Group,metal,/mnt/ml-data/training_songs/Guitar Hero/Base Games/Guitar Hero - Metallica/Michael Schenker Group - Armed and Ready/song.ogg,/mnt/ml-data/training_songs/Guitar Hero/Base Games/Guitar Hero - Metallica/Michael Schenker Group - Armed and Ready/notes.mid,263.1,guitar_hero
Lifelong Dayshift,Middle Class Rut,rock,/mnt/ml-data/training_songs/Guitar Hero/DLC/Guitar Hero Warriors of Rock DLC/Middle Class Rut - Lifelong Dayshift/song.ogg,/mnt/ml-data/training_songs/Guitar Hero/DLC/Guitar Hero Warriors of Rock DLC/Middle Class Rut - Lifelong Dayshift/notes.mid,271.6,guitar_hero
New Low,Middle Class Rut,rock,/mnt/ml-data/training_songs/Guitar Hero/DLC/Guitar Hero Warriors of Rock DLC/Middle Class Rut - New Low/song.ogg,/mnt/ml-data/training_songs/Guitar Hero/DLC/Guitar Hero Warriors of Rock DLC/Middle Class Rut - New Low/notes.mid,257.9,guitar_hero
Sad to Know,Middle Class Rut,rock,/mnt/ml-data/training_songs/Guitar Hero/DLC/Guitar Hero Warriors of Rock DLC/Middle Class Rut - Sad to Know/song.ogg,/mnt/ml-data/training_songs/Guitar Hero/DLC/Guitar Hero Warriors of Rock DLC/Middle Class Rut - Sad to Know/notes.mid,249.2,guitar_hero
Shout at the Devil,Motley Crue,metal,/mnt/ml-data/training_songs/Guitar Hero/Base Games/Guitar Hero - Smash Hits/Guitar Hero - Smash Hits/Motley Crue - Shout at the Devil/song.ogg,/mnt/ml-data/training_songs/Guitar Hero/Base Games/Guitar Hero - Smash Hits/Guitar Hero - Smash Hits/Motley Crue - Shout at the Devil/notes.mid,228.2,guitar_hero
Hi-Speed Soul,Nada Surf,rock,/mnt/ml-data/training_songs/Guitar Hero/DLC/Guitar Hero 5 DLC/Nada Surf - Hi-Speed Soul/song.ogg,/mnt/ml-data/training_songs/Guitar Hero/DLC/Guitar Hero 5 DLC/Nada Surf - Hi-Speed Soul/notes.mid,282.0,guitar_hero
RockNRola,Nancy Fullforce,pop,/mnt/ml-data/training_songs/Guitar Hero/DLC/Guitar Hero 5 DLC/Nancy Fullforce - RockNRola/song.ogg,/mnt/ml-data/training_songs/Guitar Hero/DLC/Guitar Hero 5 DLC/Nancy Fullforce - RockNRola/notes.mid,149.8,guitar_hero
Mama Maè‏,Negrita,rock,/mnt/ml-data/training_songs/Guitar Hero/DLC/Guitar Hero World Tour DLC/Negrita - Mama Maè‏/song.ogg,/mnt/ml-data/training_songs/Guitar Hero/DLC/Guitar Hero World Tour DLC/Negrita - Mama Maè‏/notes.mid,266.1,guitar_hero
Rockin' in the Free World,Neil Young,rock,/mnt/ml-data/training_songs/Guitar Hero/Base Games/Guitar Hero - Warriors of Rock/Guitar Hero - Warriors of Rock/Neil Young - Rockin' in the Free World/song.ogg,/mnt/ml-data/training_songs/Guitar Hero/Base Games/Guitar Hero - Warriors of Rock/Guitar Hero - Warriors of Rock/Neil Young - Rockin' in the Free World/notes.mid,310.9,guitar_hero
Turn Off The Light,Nelly Furtado,pop,/mnt/ml-data/training_songs/Guitar Hero/Base Games/Band Hero/Band Hero/Nelly Furtado - Turn Off The Light/song.ogg,/mnt/ml-data/training_songs/Guitar Hero/Base Games/Band Hero/Band Hero/Nelly Furtado - Turn Off The Light/notes.mid,263.9,guitar_hero
Blue Monday,Orgy,rock,/mnt/ml-data/training_songs/Guitar Hero/DLC/Guitar Hero 5 DLC/Orgy - Blue Monday/song.ogg,/mnt/ml-data/training_songs/Guitar Hero/DLC/Guitar Hero 5 DLC/Orgy - Blue Monday/notes.mid,274.5,guitar_hero
Fireflies,Owl City,pop,/mnt/ml-data/training_songs/Guitar Hero/DLC/Guitar Hero 5 DLC/Owl City - Fireflies/song.ogg,/mnt/ml-data/training_songs/Guitar Hero/DLC/Guitar Hero 5 DLC/Owl City - Fireflies/notes.mid,229.9,guitar_hero
The Bitter End,Placebo,rock,/mnt/ml-data/training_songs/Guitar Hero/DLC/Guitar Hero World Tour DLC/Placebo - The Bitter End/song.ogg,/mnt/ml-data/training_songs/Guitar Hero/DLC/Guitar Hero World Tour DLC/Placebo - The Bitter End/notes.mid,191.6,guitar_hero
Lay Down,Priestess,metal,/mnt/ml-data/training_songs/Guitar Hero/Base Games/Guitar Hero - Smash Hits/Guitar Hero - Smash Hits/Priestess - Lay Down/song.ogg,/mnt/ml-data/training_songs/Guitar Hero/Base Games/Guitar Hero - Smash Hits/Guitar Hero - Smash Hits/Priestess - Lay Down/notes.mid,190.9,guitar_hero
Bloodmeat,Protest The Hero,prog,/mnt/ml-data/training_songs/Guitar Hero/DLC/Guitar Hero World Tour DLC/Protest The Hero - Bloodmeat/song.ogg,/mnt/ml-data/training_songs/Guitar Hero/DLC/Guitar Hero World Tour DLC/Protest The Hero - Bloodmeat/notes.mid,245.3,guitar_hero
Bring the Noise 20XX,Public Enemy Featuring Zakk Wylde,metal,/mnt/ml-data/training_songs/Guitar Hero/Base Games/Guitar Hero 5/Guitar Hero 5/Public Enemy Featuring Zakk Wylde - Bring the Noise 20XX/song.ogg,/mnt/ml-data/training_songs/Guitar Hero/Base Games/Guitar Hero 5/Guitar Hero 5/Public Enemy Featuring Zakk Wylde - Bring the Noise 20XX/notes.mid,218.8,guitar_hero
Under Pressure,Queen & David Bowie,rock,/mnt/ml-data/training_songs/Guitar Hero/Base Games/Guitar Hero 5/Guitar Hero 5/Queen & David Bowie - Under Pressure/song.ogg,/mnt/ml-data/training_songs/Guitar Hero/Base Games/Guitar Hero 5/Guitar Hero 5/Queen & David Bowie - Under Pressure/notes.mid,234.7,guitar_hero
C-lebrity,Queen + Paul Rodgers,rock,/mnt/ml-data/training_songs/Guitar Hero/DLC/Guitar Hero World Tour DLC/Queen + Paul Rodgers - C-lebrity/song.ogg,/mnt/ml-data/training_songs/Guitar Hero/DLC/Guitar Hero World Tour DLC/Queen + Paul Rodgers - C-lebrity/notes.mid,221.9,guitar_hero
Escuela de Calor,Radio Futura,rock,/mnt/ml-data/training_songs/Guitar Hero/Base Games/Guitar Hero World Tour/Guitar Hero World Tour/Radio Futura - Escuela de Calor/song.ogg,/mnt/ml-data/training_songs/Guitar Hero/Base Games/Guitar Hero World Tour/Guitar Hero World Tour/Radio Futura - Escuela de Calor/notes.mid,217.8,guitar_hero
Black Betty,Ram Jam,rock,/mnt/ml-data/training_songs/Guitar Hero/DLC/Guitar Hero World Tour DLC/Ram Jam - Black Betty/song.ogg,/mnt/ml-data/training_songs/Guitar Hero/DLC/Guitar Hero World Tour DLC/Ram Jam - Black Betty/notes.mid,243.4,guitar_hero
Lunatic Fringe,Red Rider,rock,/mnt/ml-data/training_songs/Guitar Hero/Base Games/Guitar Hero - Warriors of Rock/Guitar Hero - Warriors of Rock/Red Rider - Lunatic Fringe/song.ogg,/mnt/ml-data/training_songs/Guitar Hero/Base Games/Guitar Hero - Warriors of Rock/Guitar Hero - Warriors of Rock/Red Rider - Lunatic Fringe/notes.mid,262.7,guitar_hero
Light It Up,Rev Theory,metal,/mnt/ml-data/training_songs/Guitar Hero/DLC/Guitar Hero World Tour DLC/Rev Theory - Light It Up/song.ogg,/mnt/ml-data/training_songs/Guitar Hero/DLC/Guitar Hero World Tour DLC/Rev Theory - Light It Up/notes.mid,254.4,guitar_hero
The James Bond Theme,Richard Fortus,rock,/mnt/ml-data/training_songs/Guitar Hero/DLC/Guitar Hero World Tour DLC/Richard Fortus - The James Bond Theme/song.ogg,/mnt/ml-data/training_songs/Guitar Hero/DLC/Guitar Hero World Tour DLC/Richard Fortus - The James Bond Theme/notes.mid,225.1,guitar_hero
It's Only Another Parsec,Rx Bandits,punk,/mnt/ml-data/training_songs/Guitar Hero/Base Games/Guitar Hero - Warriors of Rock/Guitar Hero - Warriors of Rock/Rx Bandits - It's Only Another Parsec/song.ogg,/mnt/ml-data/training_songs/Guitar Hero/Base Games/Guitar Hero - Warriors of Rock/Guitar Hero - Warriors of Rock/Rx Bandits - It's Only Another Parsec/notes.mid,190.6,guitar_hero
Wonderwall,Ryan Adams,country,/mnt/ml-data/training_songs/Guitar Hero/DLC/Guitar Hero World Tour DLC/Ryan Adams - Wonderwall/song.ogg,/mnt/ml-data/training_songs/Guitar Hero/DLC/Guitar Hero World Tour DLC/Ryan Adams - Wonderwall/notes.mid,254.4,guitar_hero
ProtoShredanoid - Guitar Hero On Tour Modern Hits Theme,S.U.P.R.A.H.U.M.A.N.,metal,/mnt/ml-data/training_songs/Guitar Hero/DLC/Guitar Hero World Tour DLC/S.U.P.R.A.H.U.M.A.N. - ProtoShredanoid - Guitar Hero On Tour Modern Hits Theme/song.ogg,/mnt/ml-data/training_songs/Guitar Hero/DLC/Guitar Hero World Tour DLC/S.U.P.R.A.H.U.M.A.N. - ProtoShredanoid - Guitar Hero On Tour Modern Hits Theme/notes.mid,233.6,guitar_hero
Always,Saliva,metal,/mnt/ml-data/training_songs/Guitar Hero/DLC/Guitar Hero Warriors of Rock DLC/Saliva - Always/song.ogg,/mnt/ml-data/training_songs/Guitar Hero/DLC/Guitar Hero Warriors of Rock DLC/Saliva - Always/notes.mid,234.9,guitar_hero
Falling Down,Selena Gomez & the Scene,pop,/mnt/ml-data/training_songs/Guitar Hero/DLC/Guitar Hero 5 DLC/Selena Gomez & the Scene - Falling Down/song.ogg,/mnt/ml-data/training_songs/Guitar Hero/DLC/Guitar Hero 5 DLC/Selena Gomez & the Scene - Falling Down/notes.mid,178.6,guitar_hero
The Martyr,Senses Fail,punk,/mnt/ml-data/training_songs/Guitar Hero/DLC/Guitar Hero World Tour DLC/Senses Fail - The Martyr/song.ogg,/mnt/ml-data/training_songs/Guitar Hero/DLC/Guitar Hero World Tour DLC/Senses Fail - The Martyr/notes.mid,233.5,guitar_hero
Still I Rise,Shadow Falls,metal,/mnt/ml-data/training_songs/Guitar Hero/DLC/Guitar Hero 5 DLC/Shadow Falls - Still I Rise/song.ogg,/mnt/ml-data/training_songs/Guitar Hero/DLC/Guitar Hero 5 DLC/Shadow Falls - Still I Rise/notes.mid,240.4,guitar_hero
Watch This,Slash (With Dave Grohl and Duff McKagan),metal,/mnt/ml-data/training_songs/Guitar Hero/DLC/Guitar Hero Warriors of Rock DLC/Slash (With Dave Grohl and Duff McKagan) - Watch This/song.ogg,/mnt/ml-data/training_songs/Guitar Hero/DLC/Guitar Hero Warriors of Rock DLC/Slash (With Dave Grohl and Duff McKagan) - Watch This/notes.mid,236.1,guitar_hero
We're All Gonna Die,Slash (With Iggy Pop),metal,/mnt/ml-data/training_songs/Guitar Hero/DLC/Guitar Hero Warriors of Rock DLC/Slash (With Iggy Pop) - We're All Gonna Die/song.ogg,/mnt/ml-data/training_songs/Guitar Hero/DLC/Guitar Hero Warriors of Rock DLC/Slash (With Iggy Pop) - We're All Gonna Die/notes.mid,277.9,guitar_hero
Nothing to Say,Slash (With M. Shadows),metal,/mnt/ml-data/training_songs/Guitar Hero/DLC/Guitar Hero Warriors of Rock DLC/Slash (With M. Shadows) - Nothing to Say/song.ogg,/mnt/ml-data/training_songs/Guitar Hero/DLC/Guitar Hero Warriors of Rock DLC/Slash (With M. Shadows) - Nothing to Say/notes.mid,326.6,guitar_hero
Ghost,Slash featuring Ian Astbury,metal,/mnt/ml-data/training_songs/Guitar Hero/Base Games/Guitar Hero - Warriors of Rock/Guitar Hero - Warriors of Rock/Slash featuring Ian Astbury - Ghost/song.ogg,/mnt/ml-data/training_songs/Guitar Hero/Base Games/Guitar Hero - Warriors of Rock/Guitar Hero - Warriors of Rock/Slash featuring Ian Astbury - Ghost/notes.mid,209.9,guitar_hero
Deadfall,Snot,metal,/mnt/ml-data/training_songs/Guitar Hero/Base Games/Guitar Hero - Warriors of Rock/Guitar Hero - Warriors of Rock/Snot - Deadfall/song.ogg,/mnt/ml-data/training_songs/Guitar Hero/Base Games/Guitar Hero - Warriors of Rock/Guitar Hero - Warriors of Rock/Snot - Deadfall/notes.mid,141.5,guitar_hero
Plowed,Sponge,rock,/mnt/ml-data/training_songs/Guitar Hero/DLC/Guitar Hero Warriors of Rock DLC/Sponge - Plowed/song.ogg,/mnt/ml-data/training_songs/Guitar Hero/DLC/Guitar Hero Warriors of Rock DLC/Sponge - Plowed/notes.mid,202.8,guitar_hero
The Touch,Stan Bush,rock,/mnt/ml-data/training_songs/Guitar Hero/DLC/Guitar Hero World Tour DLC/Stan Bush - The Touch/song.ogg,/mnt/ml-data/training_songs/Guitar Hero/DLC/Guitar Hero World Tour DLC/Stan Bush - The Touch/notes.mid,252.5,guitar_hero
Speeding (Vault Version),Steve Vai,prog,/mnt/ml-data/training_songs/Guitar Hero/Base Games/Guitar Hero - Warriors of Rock/Guitar Hero - Warriors of Rock/Steve Vai - Speeding (Vault Version)/song.ogg,/mnt/ml-data/training_songs/Guitar Hero/Base Games/Guitar Hero - Warriors of Rock/Guitar Hero - Warriors of Rock/Steve Vai - Speeding (Vault Version)/notes.mid,244.7,guitar_hero
Calling,Strung Out,punk,/mnt/ml-data/training_songs/Guitar Hero/Base Games/Guitar Hero - Warriors of Rock/Guitar Hero - Warriors of Rock/Strung Out - Calling/song.ogg,/mnt/ml-data/training_songs/Guitar Hero/Base Games/Guitar Hero - Warriors of Rock/Guitar Hero - Warriors of Rock/Strung Out - Calling/notes.mid,249.2,guitar_hero
War Inside My Head,Suicidal Tendencies,metal,/mnt/ml-data/training_songs/Guitar Hero/Base Games/Guitar Hero - Metallica/Suicidal Tendencies - War Inside My Head/song.ogg,/mnt/ml-data/training_songs/Guitar Hero/Base Games/Guitar Hero - Metallica/Suicidal Tendencies - War Inside My Head/notes.mid,217.0,guitar_hero
Electro Rock,Sworn,metal,/mnt/ml-data/training_songs/Guitar Hero/DLC/Guitar Hero World Tour DLC/Sworn - Electro Rock/song.ogg,/mnt/ml-data/training_songs/Guitar Hero/DLC/Guitar Hero World Tour DLC/Sworn - Electro Rock/notes.mid,208.9,guitar_hero
Love Song,Tesla,metal,/mnt/ml-data/training_songs/Guitar Hero/DLC/Guitar Hero Warriors of Rock DLC/Tesla - Love Song/song.ogg,/mnt/ml-data/training_songs/Guitar Hero/DLC/Guitar Hero Warriors of Rock DLC/Tesla - Love Song/notes.mid,253.4,guitar_hero
Modern Day Cowboy,Tesla,metal,/mnt/ml-data/training_songs/Guitar Hero/Base Games/Guitar Hero - Warriors of Rock/Guitar Hero - Warriors of Rock/Tesla - Modern Day Cowboy/song.ogg,/mnt/ml-data/training_songs/Guitar Hero/Base Games/Guitar Hero - Warriors of Rock/Guitar Hero - Warriors of Rock/Tesla - Modern Day Cowboy/notes.mid,316.0,guitar_hero
Never Too Late,The Answer,rock,/mnt/ml-data/training_songs/Guitar Hero/Base Games/Guitar Hero World Tour/Guitar Hero World Tour/The Answer - Never Too Late/song.ogg,/mnt/ml-data/training_songs/Guitar Hero/Base Games/Guitar Hero World Tour/Guitar Hero World Tour/The Answer - Never Too Late/notes.mid,241.7,guitar_hero
We've Got a Situation Here,The Damned Things,metal,/mnt/ml-data/training_songs/Guitar Hero/DLC/Guitar Hero Warriors of Rock DLC/The Damned Things - We've Got a Situation Here/song.ogg,/mnt/ml-data/training_songs/Guitar Hero/DLC/Guitar Hero Warriors of Rock DLC/The Damned Things - We've Got a Situation Here/notes.mid,268.9,guitar_hero
Setting Fire to Sleeping Giants,The Dillinger Escape Plan,metal,/mnt/ml-data/training_songs/Guitar Hero/Base Games/Guitar Hero - Warriors of Rock/Guitar Hero - Warriors of Rock/The Dillinger Escape Plan - Setting Fire to Sleeping Giants/song.ogg,/mnt/ml-data/training_songs/Guitar Hero/Base Games/Guitar Hero - Warriors of Rock/Guitar Hero - Warriors of Rock/The Dillinger Escape Plan - Setting Fire to Sleeping Giants/notes.mid,213.4,guitar_hero
Send a Little Love Token,The Duke Spirit,rock,/mnt/ml-data/training_songs/Guitar Hero/Base Games/Guitar Hero 5/Guitar Hero 5/The Duke Spirit - Send a Little Love Token/song.ogg,/mnt/ml-data/training_songs/Guitar Hero/Base Games/Guitar Hero 5/Guitar Hero 5/The Duke Spirit - Send a Little Love Token/notes.mid,166.9,guitar_hero
Hey You,The Exies,rock,/mnt/ml-data/training_songs/Guitar Hero/Base Games/Guitar Hero - Smash Hits/Guitar Hero - Smash Hits/The Exies - Hey You/song.ogg,/mnt/ml-data/training_songs/Guitar Hero/Base Games/Guitar Hero - Smash Hits/Guitar Hero - Smash Hits/The Exies - Hey You/notes.mid,240.4,guitar_hero
The Geeks Were Right,The Faint,rock,/mnt/ml-data/training_songs/Guitar Hero/DLC/Guitar Hero 5 DLC/The Faint - The Geeks Were Right/song.ogg,/mnt/ml-data/training_songs/Guitar Hero/DLC/Guitar Hero 5 DLC/The Faint - The Geeks Were Right/notes.mid,179.1,guitar_hero
Prisoner of Society,The Living End,punk,/mnt/ml-data/training_songs/Guitar Hero/Base Games/Guitar Hero World Tour/Guitar Hero World Tour/The Living End - Prisoner of Society/song.ogg,/mnt/ml-data/training_songs/Guitar Hero/Base Games/Guitar Hero World Tour/Guitar Hero World Tour/The Living End - Prisoner of Society/notes.mid,238.6,guitar_hero
L'Via L'Viaquez,The Mars Volta,prog,/mnt/ml-data/training_songs/Guitar Hero/Base Games/Guitar Hero World Tour/Guitar Hero World Tour/The Mars Volta - L'Via L'Viaquez/song.ogg,/mnt/ml-data/training_songs/Guitar Hero/Base Games/Guitar Hero World Tour/Guitar Hero World Tour/The Mars Volta - L'Via L'Viaquez/notes.mid,313.5,guitar_hero
Theme from Spiderman,The Ramones,punk,/mnt/ml-data/training_songs/Guitar Hero/Base Games/Guitar Hero - Warriors of Rock/Guitar Hero - Warriors of Rock/The Ramones - Theme from Spiderman/song.ogg,/mnt/ml-data/training_songs/Guitar Hero/Base Games/Guitar Hero - Warriors of Rock/Guitar Hero - Warriors of Rock/The Ramones - Theme from Spiderman/notes.mid,127.7,guitar_hero
In The Shadows,The Rasmus,rock,/mnt/ml-data/training_songs/Guitar Hero/DLC/Guitar Hero World Tour DLC/The Rasmus - In The Shadows/song.ogg,/mnt/ml-data/training_songs/Guitar Hero/DLC/Guitar Hero World Tour DLC/The Rasmus - In The Shadows/notes.mid,241.3,guitar_hero
Psychobilly Freakout,The Reverend Horton Heat,rock,/mnt/ml-data/training_songs/Guitar Hero/Base Games/Guitar Hero - Smash Hits/Guitar Hero - Smash Hits/The Reverend Horton Heat - Psychobilly Freakout/song.ogg,/mnt/ml-data/training_songs/Guitar Hero/Base Games/Guitar Hero - Smash Hits/Guitar Hero - Smash Hits/The Reverend Horton Heat - Psychobilly Freakout/notes.mid,158.7,guitar_hero
Hot Patootie,The Rocky Horror Picture Show,pop,/mnt/ml-data/training_songs/Guitar Hero/DLC/Guitar Hero Warriors of Rock DLC/The Rocky Horror Picture Show - Hot Patootie/song.ogg,/mnt/ml-data/training_songs/Guitar Hero/DLC/Guitar Hero Warriors of Rock DLC/The Rocky Horror Picture Show - Hot Patootie/notes.mid,185.8,guitar_hero
Sweet Transvestite,The Rocky Horror Picture Show,pop,/mnt/ml-data/training_songs/Guitar Hero/DLC/Guitar Hero Warriors of Rock DLC/The Rocky Horror Picture Show - Sweet Transvestite/song.ogg,/mnt/ml-data/training_songs/Guitar Hero/DLC/Guitar Hero Warriors of Rock DLC/The Rocky Horror Picture Show - Sweet Transvestite/notes.mid,205.5,guitar_hero
Time Warp,The Rocky Horror Picture Show,pop,/mnt/ml-data/training_songs/Guitar Hero/DLC/Guitar Hero Warriors of Rock DLC/The Rocky Horror Picture Show - Time Warp/song.ogg,/mnt/ml-data/training_songs/Guitar Hero/DLC/Guitar Hero Warriors of Rock DLC/The Rocky Horror Picture Show - Time Warp/notes.mid,255.7,guitar_hero
Cherry Bomb,The Runaways,rock,/mnt/ml-data/training_songs/Guitar Hero/Base Games/Guitar Hero - Warriors of Rock/Guitar Hero - Warriors of Rock/The Runaways - Cherry Bomb/song.ogg,/mnt/ml-data/training_songs/Guitar Hero/Base Games/Guitar Hero - Warriors of Rock/Guitar Hero - Warriors of Rock/The Runaways - Cherry Bomb/notes.mid,163.5,guitar_hero
Bomb The World,The Sleeping,punk,/mnt/ml-data/training_songs/Guitar Hero/DLC/Guitar Hero World Tour DLC/The Sleeping - Bomb The World/song.ogg,/mnt/ml-data/training_songs/Guitar Hero/DLC/Guitar Hero World Tour DLC/The Sleeping - Bomb The World/notes.mid,243.5,guitar_hero
Happy Together,The Turtles,rock,/mnt/ml-data/training_songs/Guitar Hero/Base Games/Band Hero/Band Hero/The Turtles - Happy Together/song.ogg,/mnt/ml-data/training_songs/Guitar Hero/Base Games/Band Hero/Band Hero/The Turtles - Happy Together/notes.mid,178.7,guitar_hero
American Girl,Tom Petty & The Heartbreakers,rock,/mnt/ml-data/training_songs/Guitar Hero/Base Games/Guitar Hero 5/Guitar Hero 5/Tom Petty & The Heartbreakers - American Girl/song.ogg,/mnt/ml-data/training_songs/Guitar Hero/Base Games/Guitar Hero 5/Guitar Hero 5/Tom Petty & The Heartbreakers - American Girl/notes.mid,237.3,guitar_hero
Listen to Her Heart,Tom Petty & The Heartbreakers,rock,/mnt/ml-data/training_songs/Guitar Hero/Base Games/Guitar Hero - Warriors of Rock/Guitar Hero - Warriors of Rock/Tom Petty & The Heartbreakers - Listen to Her Heart/song.ogg,/mnt/ml-data/training_songs/Guitar Hero/Base Games/Guitar Hero - Warriors of Rock/Guitar Hero - Warriors of Rock/Tom Petty & The Heartbreakers - Listen to Her Heart/notes.mid,187.6,guitar_hero
If You Could Only See,Tonic,rock,/mnt/ml-data/training_songs/Guitar Hero/Base Games/Band Hero/Band Hero/Tonic - If You Could Only See/song.ogg,/mnt/ml-data/training_songs/Guitar Hero/Base Games/Band Hero/Band Hero/Tonic - If You Could Only See/notes.mid,267.5,guitar_hero
Guilty Pleasures,Tony Solis,country,/mnt/ml-data/training_songs/Guitar Hero/DLC/Guitar Hero 5 DLC/Tony Solis - Guilty Pleasures/song.ogg,/mnt/ml-data/training_songs/Guitar Hero/DLC/Guitar Hero 5 DLC/Tony Solis - Guilty Pleasures/notes.mid,323.7,guitar_hero
Parabola,Tool,prog,/mnt/ml-data/training_songs/Guitar Hero/Base Games/Guitar Hero World Tour/Guitar Hero World Tour/Tool - Parabola/song.ogg,/mnt/ml-data/training_songs/Guitar Hero/Base Games/Guitar Hero World Tour/Guitar Hero World Tour/Tool - Parabola/notes.mid,372.1,guitar_hero
Schism,Tool,prog,/mnt/ml-data/training_songs/Guitar Hero/Base Games/Guitar Hero World Tour/Guitar Hero World Tour/Tool - Schism/song.ogg,/mnt/ml-data/training_songs/Guitar Hero/Base Games/Guitar Hero World Tour/Guitar Hero World Tour/Tool - Schism/notes.mid,418.2,guitar_hero
Vicarious,Tool,prog,/mnt/ml-data/training_songs/Guitar Hero/Base Games/Guitar Hero World Tour/Guitar Hero World Tour/Tool - Vicarious/song.ogg,/mnt/ml-data/training_songs/Guitar Hero/Base Games/Guitar Hero World Tour/Guitar Hero World Tour/Tool - Vicarious/notes.mid,429.8,guitar_hero
Grave of Opportunity,Unearth,metal,/mnt/ml-data/training_songs/Guitar Hero/DLC/Guitar Hero World Tour DLC/Unearth - Grave of Opportunity/song.ogg,/mnt/ml-data/training_songs/Guitar Hero/DLC/Guitar Hero World Tour DLC/Unearth - Grave of Opportunity/notes.mid,251.7,guitar_hero
YMCA,Village People,rock,/mnt/ml-data/training_songs/Guitar Hero/Base Games/Band Hero/Band Hero/Village People - YMCA/song.ogg,/mnt/ml-data/training_songs/Guitar Hero/Base Games/Band Hero/Band Hero/Village People - YMCA/notes.mid,228.0,guitar_hero
Cherry Pie,Warrant,metal,/mnt/ml-data/training_songs/Guitar Hero/Base Games/Guitar Hero - Smash Hits/Guitar Hero - Smash Hits/Warrant - Cherry Pie/song.ogg,/mnt/ml-data/training_songs/Guitar Hero/Base Games/Guitar Hero - Smash Hits/Guitar Hero - Smash Hits/Warrant - Cherry Pie/notes.mid,199.2,guitar_hero
I Ran (So Far Away),A Flock of Seagulls,pop,/mnt/ml-data/training_songs/Rock Band/DLC/Rock Band 3 DLC/A Flock of Seagulls - I Ran (So Far Away)/song.ogg,/mnt/ml-data/training_songs/Rock Band/DLC/Rock Band 3 DLC/A Flock of Seagulls - I Ran (So Far Away)/notes.mid,307.8,rock_band
Beetlebum,Blur (WaveGroup),rock,/mnt/ml-data/training_songs/Rock Band/DLC/Rock Band 1 DLC/Blur (WaveGroup) - Beetlebum/song.ogg,/mnt/ml-data/training_songs/Rock Band/DLC/Rock Band 1 DLC/Blur (WaveGroup) - Beetlebum/notes.mid,309.4,rock_band
Stray Cat Strut,Brian Setzer,acoustic,/mnt/ml-data/training_songs/Rock Band/DLC/Rock Band 2 DLC/Brian Setzer - Stray Cat Strut/song.ogg,/mnt/ml-data/training_songs/Rock Band/DLC/Rock Band 2 DLC/Brian Setzer - Stray Cat Strut/notes.mid,201.8,rock_band
Tubthumping,Chumbawamba,pop,/mnt/ml-data/training_songs/Rock Band/DLC/Rock Band 3 DLC/Chumbawamba - Tubthumping/song.ogg,/mnt/ml-data/training_songs/Rock Band/DLC/Rock Band 3 DLC/Chumbawamba - Tubthumping/notes.mid,219.7,rock_band
You Make Me Feel,Cobra Starship (ft. Sabi),pop,/mnt/ml-data/training_songs/Rock Band/DLC/Rock Band 3 DLC/Cobra Starship (ft. Sabi) - You Make Me Feel/song.ogg,/mnt/ml-data/training_songs/Rock Band/DLC/Rock Band 3 DLC/Cobra Starship (ft. Sabi) - You Make Me Feel/notes.mid,214.5,rock_band
Teen Angst (What the World Needs Now),Cracker,rock,/mnt/ml-data/training_songs/Rock Band/DLC/Rock Band 3 DLC/Cracker - Teen Angst (What the World Needs Now)/song.ogg,/mnt/ml-data/training_songs/Rock Band/DLC/Rock Band 3 DLC/Cracker - Teen Angst (What the World Needs Now)/notes.mid,255.3,rock_band
Intentional Heartache,Dwight Yoakam,country,/mnt/ml-data/training_songs/Rock Band/DLC/Rock Band 3 DLC/Dwight Yoakam - Intentional Heartache/song.ogg,/mnt/ml-data/training_songs/Rock Band/DLC/Rock Band 3 DLC/Dwight Yoakam - Intentional Heartache/notes.mid,266.4,rock_band
Intentional Heartache (RB3 version),Dwight Yoakam,country,/mnt/ml-data/training_songs/Rock Band/DLC/Rock Band 3 DLC/Dwight Yoakam - Intentional Heartache (RB3 version)/song.ogg,/mnt/ml-data/training_songs/Rock Band/DLC/Rock Band 3 DLC/Dwight Yoakam - Intentional Heartache (RB3 version)/notes.mid,266.4,rock_band
Hell on the Heart,Eric Church,country,/mnt/ml-data/training_songs/Rock Band/DLC/Rock Band 2 DLC/Eric Church - Hell on the Heart/song.ogg,/mnt/ml-data/training_songs/Rock Band/DLC/Rock Band 2 DLC/Eric Church - Hell on the Heart/notes.mid,165.9,rock_band
More Than Words,Extreme,prog,/mnt/ml-data/training_songs/Rock Band/DLC/Rock Band 3 DLC/Extreme - More Than Words/song.ogg,/mnt/ml-data/training_songs/Rock Band/DLC/Rock Band 3 DLC/Extreme - More Than Words/notes.mid,341.1,rock_band
Don't Stop (Color on the Walls),Foster the People,rock,/mnt/ml-data/training_songs/Rock Band/DLC/Rock Band 3 DLC/Foster the People - Don't Stop (Color on the Walls)/song.ogg,/mnt/ml-data/training_songs/Rock Band/DLC/Rock Band 3 DLC/Foster the People - Don't Stop (Color on the Walls)/notes.mid,177.6,rock_band
Helena Beat,Foster the People,rock,/mnt/ml-data/training_songs/Rock Band/DLC/Rock Band 3 DLC/Foster the People - Helena Beat/song.ogg,/mnt/ml-data/training_songs/Rock Band/DLC/Rock Band 3 DLC/Foster the People - Helena Beat/notes.mid,274.0,rock_band
Pumped Up Kicks,Foster the People,rock,/mnt/ml-data/training_songs/Rock Band/Base Games/Rock Band Blitz/Rock Band Blitz/Foster the People - Pumped Up Kicks/song.ogg,/mnt/ml-data/training_songs/Rock Band/Base Games/Rock Band Blitz/Rock Band Blitz/Foster the People - Pumped Up Kicks/notes.mid,235.4,rock_band
Stereo Hearts,Gym Class Heroes (ft. Adam Levine),pop,/mnt/ml-data/training_songs/Rock Band/DLC/Rock Band 3 DLC/Gym Class Heroes (ft. Adam Levine) - Stereo Hearts/song.ogg,/mnt/ml-data/training_songs/Rock Band/DLC/Rock Band 3 DLC/Gym Class Heroes (ft. Adam Levine) - Stereo Hearts/notes.mid,216.0,rock_band
Tonight Tonight,Hot Chelle Rae,pop,/mnt/ml-data/training_songs/Rock Band/DLC/Rock Band 3 DLC/Hot Chelle Rae - Tonight Tonight/song.ogg,/mnt/ml-data/training_songs/Rock Band/DLC/Rock Band 3 DLC/Hot Chelle Rae - Tonight Tonight/notes.mid,205.8,rock_band
Love Will Tear Us Apart,Joy Division,rock,/mnt/ml-data/training_songs/Rock Band/DLC/Rock Band 3 DLC/Joy Division - Love Will Tear Us Apart/song.ogg,/mnt/ml-data/training_songs/Rock Band/DLC/Rock Band 3 DLC/Joy Division - Love Will Tear Us Apart/notes.mid,232.6,rock_band
Walking on Sunshine,Katrina and the Waves,pop,/mnt/ml-data/training_songs/Rock Band/Base Games/Lego Rock Band/Lego Rock Band/Katrina and the Waves - Walking on Sunshine/song.ogg,/mnt/ml-data/training_songs/Rock Band/Base Games/Lego Rock Band/Lego Rock Band/Katrina and the Waves - Walking on Sunshine/notes.mid,240.9,rock_band
Bulletproof,La Roux,electronic,/mnt/ml-data/training_songs/Rock Band/DLC/Rock Band 2 DLC/La Roux - Bulletproof/song.ogg,/mnt/ml-data/training_songs/Rock Band/DLC/Rock Band 2 DLC/La Roux - Bulletproof/notes.mid,209.0,rock_band
Manu Chao,Les Wampas,punk,/mnt/ml-data/training_songs/Rock Band/DLC/Rock Band 1 DLC/Les Wampas - Manu Chao/song.ogg,/mnt/ml-data/training_songs/Rock Band/DLC/Rock Band 1 DLC/Les Wampas - Manu Chao/notes.mid,172.6,rock_band
Can't Let Go,Lucinda Williams,country,/mnt/ml-data/training_songs/Rock Band/DLC/Rock Band 2 DLC/Lucinda Williams - Can't Let Go/song.ogg,/mnt/ml-data/training_songs/Rock Band/DLC/Rock Band 2 DLC/Lucinda Williams - Can't Let Go/notes.mid,214.6,rock_band
Sex and Candy,Marcy Playground,rock,/mnt/ml-data/training_songs/Rock Band/DLC/Rock Band 3 DLC/Marcy Playground - Sex and Candy/song.ogg,/mnt/ml-data/training_songs/Rock Band/DLC/Rock Band 3 DLC/Marcy Playground - Sex and Candy/notes.mid,175.5,rock_band
Mama Tried,Merle Haggard,country,/mnt/ml-data/training_songs/Rock Band/DLC/Rock Band 3 DLC/Merle Haggard - Mama Tried/song.ogg,/mnt/ml-data/training_songs/Rock Band/DLC/Rock Band 3 DLC/Merle Haggard - Mama Tried/notes.mid,135.0,rock_band
Mama Tried (RB3 version),Merle Haggard,country,/mnt/ml-data/training_songs/Rock Band/DLC/Rock Band 3 DLC/Merle Haggard - Mama Tried (RB3 version)/song.ogg,/mnt/ml-data/training_songs/Rock Band/DLC/Rock Band 3 DLC/Merle Haggard - Mama Tried (RB3 version)/notes.mid,135.0,rock_band
Power and the Passion,Midnight Oil,rock,/mnt/ml-data/training_songs/Rock Band/DLC/Rock Band 3 DLC/Midnight Oil - Power and the Passion/song.ogg,/mnt/ml-data/training_songs/Rock Band/DLC/Rock Band 3 DLC/Midnight Oil - Power and the Passion/notes.mid,346.2,rock_band
To Be With  You,Mr. Big,prog,/mnt/ml-data/training_songs/Rock Band/DLC/Rock Band 3 DLC/Mr. Big - To Be With  You/song.ogg,/mnt/ml-data/training_songs/Rock Band/DLC/Rock Band 3 DLC/Mr. Big - To Be With  You/notes.mid,203.1,rock_band
Amaranth,Nightwish,metal,/mnt/ml-data/training_songs/Rock Band/DLC/Rock Band 3 DLC/Nightwish - Amaranth/song.ogg,/mnt/ml-data/training_songs/Rock Band/DLC/Rock Band 3 DLC/Nightwish - Amaranth/notes.mid,235.3,rock_band
Burn You Down,Opiate for the Masses,rock,/mnt/ml-data/training_songs/Rock Band/DLC/Rock Band 2 DLC/Opiate for the Masses - Burn You Down/song.ogg,/mnt/ml-data/training_songs/Rock Band/DLC/Rock Band 2 DLC/Opiate for the Masses - Burn You Down/notes.mid,205.5,rock_band
(Sittin' on the) Dock of the Bay (Take 2),Otis Redding,jazz,/mnt/ml-data/training_songs/Rock Band/DLC/Rock Band 2 DLC/Otis Redding - (Sittin' on the) Dock of the Bay (Take 2)/song.ogg,/mnt/ml-data/training_songs/Rock Band/DLC/Rock Band 2 DLC/Otis Redding - (Sittin' on the) Dock of the Bay (Take 2)/notes.mid,164.8,rock_band
Fa-Fa-Fa-Fa-Fa (Sad Song),Otis Redding,jazz,/mnt/ml-data/training_songs/Rock Band/DLC/Rock Band 2 DLC/Otis Redding - Fa-Fa-Fa-Fa-Fa (Sad Song)/song.ogg,/mnt/ml-data/training_songs/Rock Band/DLC/Rock Band 2 DLC/Otis Redding - Fa-Fa-Fa-Fa-Fa (Sad Song)/notes.mid,173.5,rock_band
I'm Sick Y'all,Otis Redding,jazz,/mnt/ml-data/training_songs/Rock Band/DLC/Rock Band 2 DLC/Otis Redding - I'm Sick Y'all/song.ogg,/mnt/ml-data/training_songs/Rock Band/DLC/Rock Band 2 DLC/Otis Redding - I'm Sick Y'all/notes.mid,180.7,rock_band
I've Got Dreams to Remember,Otis Redding,jazz,/mnt/ml-data/training_songs/Rock Band/DLC/Rock Band 2 DLC/Otis Redding - I've Got Dreams to Remember/song.ogg,/mnt/ml-data/training_songs/Rock Band/DLC/Rock Band 2 DLC/Otis Redding - I've Got Dreams to Remember/notes.mid,217.1,rock_band
Love Man,Otis Redding,jazz,/mnt/ml-data/training_songs/Rock Band/DLC/Rock Band 2 DLC/Otis Redding - Love Man/song.ogg,/mnt/ml-data/training_songs/Rock Band/DLC/Rock Band 2 DLC/Otis Redding - Love Man/notes.mid,149.0,rock_band
Fireflies,Owl City,pop,/mnt/ml-data/training_songs/Rock Band/DLC/Rock Band 3 DLC/Owl City - Fireflies/song.ogg,/mnt/ml-data/training_songs/Rock Band/DLC/Rock Band 3 DLC/Owl City - Fireflies/notes.mid,230.2,rock_band
Never Gonna Give You Up,Rick Astley,pop,/mnt/ml-data/training_songs/Rock Band/DLC/Rock Band 3 DLC/Rick Astley - Never Gonna Give You Up/song.ogg,/mnt/ml-data/training_songs/Rock Band/DLC/Rock Band 3 DLC/Rick Astley - Never Gonna Give You Up/notes.mid,235.0,rock_band
King of Rock,Run-DMC,hiphop,/mnt/ml-data/training_songs/Rock Band/DLC/Rock Band 3 DLC/Run-DMC - King of Rock/song.ogg,/mnt/ml-data/training_songs/Rock Band/DLC/Rock Band 3 DLC/Run-DMC - King of Rock/notes.mid,317.2,rock_band
Smooth,Santana (ft. Rob Thomas),rock,/mnt/ml-data/training_songs/Rock Band/DLC/Rock Band 3 DLC/Santana (ft. Rob Thomas) - Smooth/song.ogg,/mnt/ml-data/training_songs/Rock Band/DLC/Rock Band 3 DLC/Santana (ft. Rob Thomas) - Smooth/notes.mid,296.0,rock_band
Suds in the Bucket,Sara Evans,country,/mnt/ml-data/training_songs/Rock Band/DLC/Rock Band 2 DLC/Sara Evans - Suds in the Bucket/song.ogg,/mnt/ml-data/training_songs/Rock Band/DLC/Rock Band 2 DLC/Sara Evans - Suds in the Bucket/notes.mid,237.0,rock_band
Tainted Love,Soft Cell,pop,/mnt/ml-data/training_songs/Rock Band/DLC/Rock Band 3 DLC/Soft Cell - Tainted Love/song.ogg,/mnt/ml-data/training_songs/Rock Band/DLC/Rock Band 3 DLC/Soft Cell - Tainted Love/notes.mid,160.2,rock_band
This Bastard's Life,Swingin' Utters,punk,/mnt/ml-data/training_songs/Rock Band/Base Games/Rock Band 3/Rock Band 3/Swingin' Utters - This Bastard's Life/song.ogg,/mnt/ml-data/training_songs/Rock Band/Base Games/Rock Band 3/Rock Band 3/Swingin' Utters - This Bastard's Life/notes.mid,190.4,rock_band
Last Train to Clarksville,The Monkees (WaveGroup),rock,/mnt/ml-data/training_songs/Rock Band/DLC/Rock Band 1 DLC/The Monkees (WaveGroup) - Last Train to Clarksville/song.ogg,/mnt/ml-data/training_songs/Rock Band/DLC/Rock Band 1 DLC/The Monkees (WaveGroup) - Last Train to Clarksville/notes.mid,185.6,rock_band
Last Dance,The Raveonettes,rock,/mnt/ml-data/training_songs/Rock Band/Base Games/Rock Band 3/Rock Band 3/The Raveonettes - Last Dance/song.ogg,/mnt/ml-data/training_songs/Rock Band/Base Games/Rock Band 3/Rock Band 3/The Raveonettes - Last Dance/notes.mid,213.1,rock_band
What's Up,4 Non Blondes,rock,/mnt/ml-data/training_songs/RockBand4/4 Non Blondes - What's Up/song.ogg,/mnt/ml-data/training_songs/RockBand4/4 Non Blondes - What's Up/notes.mid,304.4,rock_band_4
All That She Wants,Ace of Base,pop,/mnt/ml-data/training_songs/RockBand4/Ace of Base - All That She Wants/song.ogg,/mnt/ml-data/training_songs/RockBand4/Ace of Base - All That She Wants/notes.mid,213.1,rock_band_4
The Sign,Ace of Base,pop,/mnt/ml-data/training_songs/RockBand4/Ace of Base - The Sign/song.ogg,/mnt/ml-data/training_songs/RockBand4/Ace of Base - The Sign/notes.mid,195.5,rock_band_4
Respect,Aretha Franklin,jazz,/mnt/ml-data/training_songs/RockBand4/Aretha Franklin - Respect/song.ogg,/mnt/ml-data/training_songs/RockBand4/Aretha Franklin - Respect/notes.mid,144.3,rock_band_4
Violent Shiver,Benjamin Booker,acoustic,/mnt/ml-data/training_songs/RockBand4/Benjamin Booker - Violent Shiver/song.ogg,/mnt/ml-data/training_songs/RockBand4/Benjamin Booker - Violent Shiver/notes.mid,171.0,rock_band_4
The Bad Touch,Bloodhound Gang,rock,/mnt/ml-data/training_songs/RockBand4/Bloodhound Gang - The Bad Touch/song.ogg,/mnt/ml-data/training_songs/RockBand4/Bloodhound Gang - The Bad Touch/notes.mid,249.8,rock_band_4
Mainstream Kid,Brandi Carlile,country,/mnt/ml-data/training_songs/RockBand4/Brandi Carlile - Mainstream Kid/song.ogg,/mnt/ml-data/training_songs/RockBand4/Brandi Carlile - Mainstream Kid/notes.mid,262.8,rock_band_4
Trainwreck 1979,Death from Above 1979,punk,/mnt/ml-data/training_songs/RockBand4/Death from Above 1979 - Trainwreck 1979/song.ogg,/mnt/ml-data/training_songs/RockBand4/Death from Above 1979 - Trainwreck 1979/notes.mid,234.7,rock_band_4
All I Really Wanna Do,Devon Gilfillian,acoustic,/mnt/ml-data/training_songs/RockBand4/Devon Gilfillian - All I Really Wanna Do/song.ogg,/mnt/ml-data/training_songs/RockBand4/Devon Gilfillian - All I Really Wanna Do/notes.mid,225.4,rock_band_4
Jolene,Dolly Parton,country,/mnt/ml-data/training_songs/RockBand4/Dolly Parton - Jolene/song.ogg,/mnt/ml-data/training_songs/RockBand4/Dolly Parton - Jolene/notes.mid,163.1,rock_band_4
Suspicious Minds,Elvis Presley,rock,/mnt/ml-data/training_songs/RockBand4/Elvis Presley - Suspicious Minds/song.ogg,/mnt/ml-data/training_songs/RockBand4/Elvis Presley - Suspicious Minds/notes.mid,271.0,rock_band_4
16,Highly Suspect,rock,/mnt/ml-data/training_songs/RockBand4/Highly Suspect - 16/song.ogg,/mnt/ml-data/training_songs/RockBand4/Highly Suspect - 16/notes.mid,222.4,rock_band_4
Better Together,Jack Johnson,acoustic,/mnt/ml-data/training_songs/RockBand4/Jack Johnson - Better Together/song.ogg,/mnt/ml-data/training_songs/RockBand4/Jack Johnson - Better Together/notes.mid,212.2,rock_band_4
Lazaretto,Jack White,acoustic,/mnt/ml-data/training_songs/RockBand4/Jack White - Lazaretto/song.ogg,/mnt/ml-data/training_songs/RockBand4/Jack White - Lazaretto/notes.mid,223.5,rock_band_4
"Right Here, Right Now",Jesus Jones,rock,"/mnt/ml-data/training_songs/RockBand4/Jesus Jones - Right Here, Right Now/song.ogg","/mnt/ml-data/training_songs/RockBand4/Jesus Jones - Right Here, Right Now/notes.mid",192.1,rock_band_4
"Take Me Home, Country Roads",John Denver,country,"/mnt/ml-data/training_songs/RockBand4/John Denver - Take Me Home, Country Roads/song.ogg","/mnt/ml-data/training_songs/RockBand4/John Denver - Take Me Home, Country Roads/notes.mid",195.3,rock_band_4
Devil On My Shoulder,Kelsy Karter,pop,/mnt/ml-data/training_songs/RockBand4/Kelsy Karter - Devil On My Shoulder/song.ogg,/mnt/ml-data/training_songs/RockBand4/Kelsy Karter - Devil On My Shoulder/notes.mid,176.2,rock_band_4
Little White Church,Little Big Town,country,/mnt/ml-data/training_songs/RockBand4/Little Big Town - Little White Church/song.ogg,/mnt/ml-data/training_songs/RockBand4/Little Big Town - Little White Church/notes.mid,191.1,rock_band_4
Bitch,Meredith Brooks,pop,/mnt/ml-data/training_songs/RockBand4/Meredith Brooks - Bitch/song.ogg,/mnt/ml-data/training_songs/RockBand4/Meredith Brooks - Bitch/notes.mid,242.8,rock_band_4
Cross That Line,Michael Christmas,hiphop,/mnt/ml-data/training_songs/RockBand4/Michael Christmas - Cross That Line/song.ogg,/mnt/ml-data/training_songs/RockBand4/Michael Christmas - Cross That Line/notes.mid,176.2,rock_band_4
Stolen Dance,Milky Chance,acoustic,/mnt/ml-data/training_songs/RockBand4/Milky Chance - Stolen Dance/song.ogg,/mnt/ml-data/training_songs/RockBand4/Milky Chance - Stolen Dance/notes.mid,307.2,rock_band_4
Hurt,Oliver Tree,acoustic,/mnt/ml-data/training_songs/RockBand4/Oliver Tree - Hurt/song.ogg,/mnt/ml-data/training_songs/RockBand4/Oliver Tree - Hurt/notes.mid,151.3,rock_band_4
Time for Crime,ORION,metal,/mnt/ml-data/training_songs/RockBand4/ORION - Time for Crime/song.ogg,/mnt/ml-data/training_songs/RockBand4/ORION - Time for Crime/notes.mid,200.4,rock_band_4
True Confessional,Party Bois,pop,/mnt/ml-data/training_songs/RockBand4/Party Bois - True Confessional/song.ogg,/mnt/ml-data/training_songs/RockBand4/Party Bois - True Confessional/notes.mid,199.9,rock_band_4
Summertime Boy,Seasick Steve,acoustic,/mnt/ml-data/training_songs/RockBand4/Seasick Steve - Summertime Boy/song.ogg,/mnt/ml-data/training_songs/RockBand4/Seasick Steve - Summertime Boy/notes.mid,234.6,rock_band_4
To My Romeo,Spirit Kid,punk,/mnt/ml-data/training_songs/RockBand4/Spirit Kid - To My Romeo/song.ogg,/mnt/ml-data/training_songs/RockBand4/Spirit Kid - To My Romeo/notes.mid,181.9,rock_band_4
Rock This Town,Stray Cats,jazz,/mnt/ml-data/training_songs/RockBand4/Stray Cats - Rock This Town/song.ogg,/mnt/ml-data/training_songs/RockBand4/Stray Cats - Rock This Town/notes.mid,217.1,rock_band_4
Every Morning,Sugar Ray,rock,/mnt/ml-data/training_songs/RockBand4/Sugar Ray - Every Morning/song.ogg,/mnt/ml-data/training_songs/RockBand4/Sugar Ray - Every Morning/notes.mid,208.4,rock_band_4
ily (i love you baby) (ft. Emilee),Surf Mesa,pop,/mnt/ml-data/training_songs/RockBand4/Surf Mesa - ily (i love you baby) (ft. Emilee)/song.ogg,/mnt/ml-data/training_songs/RockBand4/Surf Mesa - ily (i love you baby) (ft. Emilee)/notes.mid,180.5,rock_band_4
Give Yourself a Try,The 1975,pop,/mnt/ml-data/training_songs/RockBand4/The 1975 - Give Yourself a Try/song.ogg,/mnt/ml-data/training_songs/RockBand4/The 1975 - Give Yourself a Try/notes.mid,199.3,rock_band_4
Girls Make Me Wanna Die,The Aces,pop,/mnt/ml-data/training_songs/RockBand4/The Aces - Girls Make Me Wanna Die/song.ogg,/mnt/ml-data/training_songs/RockBand4/The Aces - Girls Make Me Wanna Die/notes.mid,134.1,rock_band_4
I Gotta Feeling,The Black Eyed Peas,pop,/mnt/ml-data/training_songs/RockBand4/The Black Eyed Peas - I Gotta Feeling/song.ogg,/mnt/ml-data/training_songs/RockBand4/The Black Eyed Peas - I Gotta Feeling/notes.mid,293.1,rock_band_4
Milwaukee,The Both,rock,/mnt/ml-data/training_songs/RockBand4/The Both - Milwaukee/song.ogg,/mnt/ml-data/training_songs/RockBand4/The Both - Milwaukee/notes.mid,265.5,rock_band_4
Shout,The Isley Brothers,jazz,/mnt/ml-data/training_songs/RockBand4/The Isley Brothers - Shout/song.ogg,/mnt/ml-data/training_songs/RockBand4/The Isley Brothers - Shout/notes.mid,262.6,rock_band_4
Pistol Whipped,Tijuana Sweetheart,punk,/mnt/ml-data/training_songs/RockBand4/Tijuana Sweetheart - Pistol Whipped/song.ogg,/mnt/ml-data/training_songs/RockBand4/Tijuana Sweetheart - Pistol Whipped/notes.mid,156.6,rock_band_4
Brown Eyed Girl,Van Morrison,jazz,/mnt/ml-data/training_songs/RockBand4/Van Morrison - Brown Eyed Girl/song.ogg,/mnt/ml-data/training_songs/RockBand4/Van Morrison - Brown Eyed Girl/notes.mid,190.2,rock_band_4
Ice Ice Baby,Vanilla Ice,pop,/mnt/ml-data/training_songs/RockBand4/Vanilla Ice - Ice Ice Baby/song.ogg,/mnt/ml-data/training_songs/RockBand4/Vanilla Ice - Ice Ice Baby/notes.mid,271.6,rock_band_4
Chaise Longue,Wet Leg,pop,/mnt/ml-data/training_songs/RockBand4/Wet Leg - Chaise Longue/song.ogg,/mnt/ml-data/training_songs/RockBand4/Wet Leg - Chaise Longue/notes.mid,200.5,rock_band_4
At Night in Dreams,White Denim,rock,/mnt/ml-data/training_songs/RockBand4/White Denim - At Night in Dreams/song.ogg,/mnt/ml-data/training_songs/RockBand4/White Denim - At Night in Dreams/notes.mid,249.3,rock_band_4
