title,artist,genre,audio_path,midi_path,duration_s,source,drum_hits,tom_markers,hits_per_sec
Loose Lips Sink Ships,A Change of Pace,punk,/mnt/ml-data/training_songs/C3/A Change of Pace - Loose Lips Sink Ships/song.ogg,/mnt/ml-data/training_songs/C3/A Change of Pace - Loose Lips Sink Ships/notes.mid,216.2,c3-custom,1396,38,6.46
Take a Chance on Me,ABBA,pop,/mnt/ml-data/training_songs/C3/ABBA - Take a Chance on Me/song.ogg,/mnt/ml-data/training_songs/C3/ABBA - Take a Chance on Me/notes.mid,243.2,c3-custom,1835,29,7.55
Poetically Pathetic,Amber Pacific,punk,/mnt/ml-data/training_songs/C3/Amber Pacific - Poetically Pathetic/song.ogg,/mnt/ml-data/training_songs/C3/Amber Pacific - Poetically Pathetic/notes.mid,206.7,c3-custom,1378,174,6.67
About That Life,Attila,metal,/mnt/ml-data/training_songs/C3/Attila - About That Life/song.ogg,/mnt/ml-data/training_songs/C3/Attila - About That Life/notes.mid,190.6,c3-custom,1179,55,6.19
Middle Fingers Up (2x Bass Pedal),Attila,metal,/mnt/ml-data/training_songs/C3/Attila - Middle Fingers Up (2x Bass Pedal)/song.ogg,/mnt/ml-data/training_songs/C3/Attila - Middle Fingers Up (2x Bass Pedal)/notes.mid,160.7,c3-custom,984,23,6.12
Moshpit (ft. Ookay),Attila,metal,/mnt/ml-data/training_songs/C3/Attila - Moshpit (ft. Ookay)/song.ogg,/mnt/ml-data/training_songs/C3/Attila - Moshpit (ft. Ookay)/notes.mid,218.2,c3-custom,1513,342,6.93
Pizza (2x Bass Pedal),Attila,metal,/mnt/ml-data/training_songs/C3/Attila - Pizza (2x Bass Pedal)/song.ogg,/mnt/ml-data/training_songs/C3/Attila - Pizza (2x Bass Pedal)/notes.mid,204.9,c3-custom,1102,34,5.38
...Baby One More Time,August Burns Red,metal,/mnt/ml-data/training_songs/C3/August Burns Red - ...Baby One More Time/song.ogg,/mnt/ml-data/training_songs/C3/August Burns Red - ...Baby One More Time/notes.mid,195.8,c3-custom,1753,101,8.95
...Baby One More Time (2x Bass Pedal),August Burns Red,metal,/mnt/ml-data/training_songs/C3/August Burns Red - ...Baby One More Time (2x Bass Pedal)/song.ogg,/mnt/ml-data/training_songs/C3/August Burns Red - ...Baby One More Time (2x Bass Pedal)/notes.mid,195.8,c3-custom,2012,101,10.28
Carol of the Bells (2x Bass Pedal),August Burns Red,metal,/mnt/ml-data/training_songs/C3/August Burns Red - Carol of the Bells (2x Bass Pedal)/song.ogg,/mnt/ml-data/training_songs/C3/August Burns Red - Carol of the Bells (2x Bass Pedal)/notes.mid,167.9,c3-custom,1184,107,7.05
Frosty the Snowman,August Burns Red,metal,/mnt/ml-data/training_songs/C3/August Burns Red - Frosty the Snowman/song.ogg,/mnt/ml-data/training_songs/C3/August Burns Red - Frosty the Snowman/notes.mid,145.9,c3-custom,1139,164,7.81
Frosty the Snowman (2x Bass Pedal),August Burns Red,metal,/mnt/ml-data/training_songs/C3/August Burns Red - Frosty the Snowman (2x Bass Pedal)/song.ogg,/mnt/ml-data/training_songs/C3/August Burns Red - Frosty the Snowman (2x Bass Pedal)/notes.mid,145.9,c3-custom,1292,164,8.86
We Wish You A Merry Christmas,August Burns Red,metal,/mnt/ml-data/training_songs/C3/August Burns Red - We Wish You A Merry Christmas/song.ogg,/mnt/ml-data/training_songs/C3/August Burns Red - We Wish You A Merry Christmas/notes.mid,154.8,c3-custom,1073,120,6.93
We Wish You A Merry Christmas (2x Bass Pedal),August Burns Red,metal,/mnt/ml-data/training_songs/C3/August Burns Red - We Wish You A Merry Christmas (2x Bass Pedal)/song.ogg,/mnt/ml-data/training_songs/C3/August Burns Red - We Wish You A Merry Christmas (2x Bass Pedal)/notes.mid,154.8,c3-custom,1225,120,7.91
As Long as You Love Me,Backstreet Boys,pop,/mnt/ml-data/training_songs/C3/Backstreet Boys - As Long as You Love Me/song.ogg,/mnt/ml-data/training_songs/C3/Backstreet Boys - As Long as You Love Me/notes.mid,218.5,c3-custom,955,2,4.37
I Want It That Way,Backstreet Boys,pop,/mnt/ml-data/training_songs/C3/Backstreet Boys - I Want It That Way/song.ogg,/mnt/ml-data/training_songs/C3/Backstreet Boys - I Want It That Way/notes.mid,223.4,c3-custom,823,3,3.68
Larger than Life,Backstreet Boys,pop,/mnt/ml-data/training_songs/C3/Backstreet Boys - Larger than Life/song.ogg,/mnt/ml-data/training_songs/C3/Backstreet Boys - Larger than Life/notes.mid,238.7,c3-custom,1102,15,4.62
Quit Playing Games (with My Heart),Backstreet Boys,pop,/mnt/ml-data/training_songs/C3/Backstreet Boys - Quit Playing Games (with My Heart)/song.ogg,/mnt/ml-data/training_songs/C3/Backstreet Boys - Quit Playing Games (with My Heart)/notes.mid,241.6,c3-custom,1186,1,4.91
Already Gone,Bayside,punk,/mnt/ml-data/training_songs/C3/Bayside - Already Gone/song.ogg,/mnt/ml-data/training_songs/C3/Bayside - Already Gone/notes.mid,225.1,c3-custom,1770,213,7.86
Blame It On Bad Luck,Bayside,punk,/mnt/ml-data/training_songs/C3/Bayside - Blame It On Bad Luck/song.ogg,/mnt/ml-data/training_songs/C3/Bayside - Blame It On Bad Luck/notes.mid,214.4,c3-custom,1495,93,6.97
Devotion and Desire,Bayside,punk,/mnt/ml-data/training_songs/C3/Bayside - Devotion and Desire/song.ogg,/mnt/ml-data/training_songs/C3/Bayside - Devotion and Desire/notes.mid,214.3,c3-custom,1524,53,7.11
Duality,Bayside,punk,/mnt/ml-data/training_songs/C3/Bayside - Duality/song.ogg,/mnt/ml-data/training_songs/C3/Bayside - Duality/notes.mid,184.6,c3-custom,1289,129,6.98
Pigsty,Bayside,punk,/mnt/ml-data/training_songs/C3/Bayside - Pigsty/song.ogg,/mnt/ml-data/training_songs/C3/Bayside - Pigsty/notes.mid,235.8,c3-custom,1789,49,7.59
"Hey Baby, Here's That Song You Wanted (NoisyPuppet)",blessthefall,metal,"/mnt/ml-data/training_songs/C3/blessthefall - Hey Baby, Here's That Song You Wanted (NoisyPuppet)/blessthefall - Hey Baby, Here's That Song You Wanted (NoisyPuppet)/song.opus","/mnt/ml-data/training_songs/C3/blessthefall - Hey Baby, Here's That Song You Wanted (NoisyPuppet)/blessthefall - Hey Baby, Here's That Song You Wanted (NoisyPuppet)/notes.mid",199.5,c3-custom,1416,14,7.1
Hate Me,Blue October,rock,/mnt/ml-data/training_songs/C3/Blue October - Hate Me/song.ogg,/mnt/ml-data/training_songs/C3/Blue October - Hate Me/notes.mid,251.3,c3-custom,1057,10,4.21
Into The Ocean,Blue October,rock,/mnt/ml-data/training_songs/C3/Blue October - Into The Ocean/song.ogg,/mnt/ml-data/training_songs/C3/Blue October - Into The Ocean/notes.mid,246.8,c3-custom,1119,96,4.53
Today Is Gonna Be A Great Day,Bowling For Soup,punk,/mnt/ml-data/training_songs/C3/Bowling For Soup - Today Is Gonna Be A Great Day/song.ogg,/mnt/ml-data/training_songs/C3/Bowling For Soup - Today Is Gonna Be A Great Day/notes.mid,185.7,c3-custom,1180,10,6.35
I Feel So,Box Car Racer,punk,/mnt/ml-data/training_songs/C3/Box Car Racer - I Feel So/song.ogg,/mnt/ml-data/training_songs/C3/Box Car Racer - I Feel So/notes.mid,273.6,c3-custom,1613,125,5.9
Watch The World,Box Car Racer,punk,/mnt/ml-data/training_songs/C3/Box Car Racer - Watch The World/song.ogg,/mnt/ml-data/training_songs/C3/Box Car Racer - Watch The World/notes.mid,236.2,c3-custom,1666,96,7.05
Flyers,BRADIO,pop,/mnt/ml-data/training_songs/C3/BRADIO - Flyers/song.ogg,/mnt/ml-data/training_songs/C3/BRADIO - Flyers/notes.mid,224.8,c3-custom,1631,46,7.26
My Shiny Teeth and Me,Chip Skylark,pop,/mnt/ml-data/training_songs/C3/Chip Skylark - My Shiny Teeth and Me/song.ogg,/mnt/ml-data/training_songs/C3/Chip Skylark - My Shiny Teeth and Me/notes.mid,126.4,c3-custom,725,27,5.74
Johnny's Revenge,Crown the Empire,metal,/mnt/ml-data/training_songs/C3/Crown the Empire - Johnny's Revenge/song.ogg,/mnt/ml-data/training_songs/C3/Crown the Empire - Johnny's Revenge/notes.mid,259.3,c3-custom,1565,65,6.04
Millennia (Hoph2o),Crown the Empire,metal,/mnt/ml-data/training_songs/C3/Crown the Empire - Millennia (Hoph2o)/Crown the Empire - Millennia (Hoph2o)/guitar.opus,/mnt/ml-data/training_songs/C3/Crown the Empire - Millennia (Hoph2o)/Crown the Empire - Millennia (Hoph2o)/notes.mid,229.7,c3-custom,1051,70,4.58
The Curse of Curves,Cute Is What We Aim For,punk,/mnt/ml-data/training_songs/C3/Cute Is What We Aim For - The Curse of Curves/song.ogg,/mnt/ml-data/training_songs/C3/Cute Is What We Aim For - The Curse of Curves/notes.mid,206.7,c3-custom,1014,79,4.91
Wouldn't Change A Thing,Demi Lovato & Joe Jonas,pop,/mnt/ml-data/training_songs/C3/Demi Lovato & Joe Jonas - Wouldn't Change A Thing/song.ogg,/mnt/ml-data/training_songs/C3/Demi Lovato & Joe Jonas - Wouldn't Change A Thing/notes.mid,210.0,c3-custom,982,57,4.68
This is Me,Demi Lovato (ft Joe Jonas),pop,/mnt/ml-data/training_songs/C3/Demi Lovato (ft Joe Jonas) - This is Me/song.ogg,/mnt/ml-data/training_songs/C3/Demi Lovato (ft Joe Jonas) - This is Me/notes.mid,195.9,c3-custom,993,22,5.07
Danny Phantom Theme Song,Deric Battistean,electronic,/mnt/ml-data/training_songs/C3/Deric Battistean - Danny Phantom Theme Song/song.ogg,/mnt/ml-data/training_songs/C3/Deric Battistean - Danny Phantom Theme Song/notes.mid,105.5,c3-custom,683,9,6.47
He's A Pirate,Disney,pop,/mnt/ml-data/training_songs/C3/Disney - He's A Pirate/song.ogg,/mnt/ml-data/training_songs/C3/Disney - He's A Pirate/notes.mid,91.0,c3-custom,451,197,4.96
The Black Pearl,Disney,pop,/mnt/ml-data/training_songs/C3/Disney - The Black Pearl/song.ogg,/mnt/ml-data/training_songs/C3/Disney - The Black Pearl/notes.mid,49.7,c3-custom,211,84,4.25
Dawn of the Dead,"Does It Offend You, Yeah",electronic,"/mnt/ml-data/training_songs/C3/Does It Offend You, Yeah - Dawn of the Dead/song.ogg","/mnt/ml-data/training_songs/C3/Does It Offend You, Yeah - Dawn of the Dead/notes.mid",218.3,c3-custom,1125,69,5.15
I'll Make a Man Out of You,Donny Osmond,pop,/mnt/ml-data/training_songs/C3/Donny Osmond - I'll Make a Man Out of You/song.ogg,/mnt/ml-data/training_songs/C3/Donny Osmond - I'll Make a Man Out of You/notes.mid,205.7,c3-custom,1230,53,5.98
Hypa Hypa (ft. We Butter the Bread with Butter),Electric Callboy,metal,/mnt/ml-data/training_songs/C3/Electric Callboy - Hypa Hypa (ft. We Butter the Bread with Butter)/song.ogg,/mnt/ml-data/training_songs/C3/Electric Callboy - Hypa Hypa (ft. We Butter the Bread with Butter)/notes.mid,244.7,c3-custom,1836,97,7.5
Let Me Hear,"Fear, And Loathing In Las Vegas",metal,"/mnt/ml-data/training_songs/C3/Fear, And Loathing In Las Vegas - Let Me Hear/guitar.ogg","/mnt/ml-data/training_songs/C3/Fear, And Loathing In Las Vegas - Let Me Hear/notes.mid",226.7,c3-custom,1854,88,8.18
Remember the Name (ft. Styles of Beyond),Fort Minor,hiphop,/mnt/ml-data/training_songs/C3/Fort Minor - Remember the Name (ft. Styles of Beyond)/song.ogg,/mnt/ml-data/training_songs/C3/Fort Minor - Remember the Name (ft. Styles of Beyond)/notes.mid,236.1,c3-custom,970,14,4.11
"Heroes Get Remembered, Legends Never Die",Four Year Strong,punk,"/mnt/ml-data/training_songs/C3/Four Year Strong - Heroes Get Remembered, Legends Never Die/song.ogg","/mnt/ml-data/training_songs/C3/Four Year Strong - Heroes Get Remembered, Legends Never Die/notes.mid",222.2,c3-custom,1449,174,6.52
"The Security Of The Familiar, The Tranquility Of Repetition",Four Year Strong,punk,"/mnt/ml-data/training_songs/C3/Four Year Strong - The Security Of The Familiar, The Tranquility Of Repetition/song.ogg","/mnt/ml-data/training_songs/C3/Four Year Strong - The Security Of The Familiar, The Tranquility Of Repetition/notes.mid",212.4,c3-custom,1555,235,7.32
We All Float Down Here,Four Year Strong,punk,/mnt/ml-data/training_songs/C3/Four Year Strong - We All Float Down Here/song.ogg,/mnt/ml-data/training_songs/C3/Four Year Strong - We All Float Down Here/notes.mid,197.1,c3-custom,1193,10,6.05
Stop Drop and Roll,Foxboro Hot Tubs,punk,/mnt/ml-data/training_songs/C3/Foxboro Hot Tubs - Stop Drop and Roll/song.ogg,/mnt/ml-data/training_songs/C3/Foxboro Hot Tubs - Stop Drop and Roll/notes.mid,149.4,c3-custom,1264,51,8.46
Sarcasm,Get Scared,metal,/mnt/ml-data/training_songs/C3/Get Scared - Sarcasm/song.ogg,/mnt/ml-data/training_songs/C3/Get Scared - Sarcasm/notes.mid,212.3,c3-custom,1067,155,5.03
Ohio Is for Lovers,Hawthorne Heights,punk,/mnt/ml-data/training_songs/C3/Hawthorne Heights - Ohio Is for Lovers/song.ogg,/mnt/ml-data/training_songs/C3/Hawthorne Heights - Ohio Is for Lovers/notes.mid,248.8,c3-custom,1451,149,5.83
Bet On It,High School Musical Cast,pop,/mnt/ml-data/training_songs/C3/High School Musical Cast - Bet On It/song.ogg,/mnt/ml-data/training_songs/C3/High School Musical Cast - Bet On It/notes.mid,202.6,c3-custom,907,306,4.48
Sanctuary,Hikaru Utada,pop,/mnt/ml-data/training_songs/C3/Hikaru Utada - Sanctuary/song.ogg,/mnt/ml-data/training_songs/C3/Hikaru Utada - Sanctuary/notes.mid,294.6,c3-custom,1343,317,4.56
Simple and Clean,Hikaru Utada,pop,/mnt/ml-data/training_songs/C3/Hikaru Utada - Simple and Clean/song.ogg,/mnt/ml-data/training_songs/C3/Hikaru Utada - Simple and Clean/notes.mid,308.4,c3-custom,1488,53,4.82
Ex-Mortis,Ice Nine Kills,metal,/mnt/ml-data/training_songs/C3/Ice Nine Kills - Ex-Mortis/song.ogg,/mnt/ml-data/training_songs/C3/Ice Nine Kills - Ex-Mortis/notes.mid,205.7,c3-custom,1054,67,5.12
Hip To Be Scared ft. Jacoby Shaddix,Ice Nine Kills,metal,/mnt/ml-data/training_songs/C3/Ice Nine Kills - Hip To Be Scared ft. Jacoby Shaddix/song.ogg,/mnt/ml-data/training_songs/C3/Ice Nine Kills - Hip To Be Scared ft. Jacoby Shaddix/notes.mid,207.5,c3-custom,839,70,4.04
"Me, Myself, & Hyde",Ice Nine Kills,metal,"/mnt/ml-data/training_songs/C3/Ice Nine Kills - Me, Myself, & Hyde/song.ogg","/mnt/ml-data/training_songs/C3/Ice Nine Kills - Me, Myself, & Hyde/notes.mid",245.1,c3-custom,1477,73,6.03
The Nature of The Beast,Ice Nine Kills,metal,/mnt/ml-data/training_songs/C3/Ice Nine Kills - The Nature of The Beast/song.ogg,/mnt/ml-data/training_songs/C3/Ice Nine Kills - The Nature of The Beast/notes.mid,217.2,c3-custom,1242,32,5.72
Pokemon Theme,Jason Paige,pop,/mnt/ml-data/training_songs/C3/Jason Paige - Pokemon Theme/song.ogg,/mnt/ml-data/training_songs/C3/Jason Paige - Pokemon Theme/notes.mid,199.4,c3-custom,1240,116,6.22
Abracadavre (ft. Elena Siegman),Kevin Sherwood,electronic,/mnt/ml-data/training_songs/C3/Kevin Sherwood - Abracadavre (ft. Elena Siegman)/song.ogg,/mnt/ml-data/training_songs/C3/Kevin Sherwood - Abracadavre (ft. Elena Siegman)/notes.mid,373.3,c3-custom,2770,677,7.42
Beauty Of Annihilation (Ft. Elena Siegman) (2x Bass Pedal),Kevin Sherwood,electronic,/mnt/ml-data/training_songs/C3/Kevin Sherwood - Beauty Of Annihilation (Ft. Elena Siegman) (2x Bass Pedal)/song.ogg,/mnt/ml-data/training_songs/C3/Kevin Sherwood - Beauty Of Annihilation (Ft. Elena Siegman) (2x Bass Pedal)/notes.mid,273.2,c3-custom,1408,1,5.15
Coming Home (ft. Elena Siegman),Kevin Sherwood,electronic,/mnt/ml-data/training_songs/C3/Kevin Sherwood - Coming Home (ft. Elena Siegman)/song.ogg,/mnt/ml-data/training_songs/C3/Kevin Sherwood - Coming Home (ft. Elena Siegman)/notes.mid,207.8,c3-custom,1762,9,8.48
Super Mario 64 Main Theme,Koji Kondo,electronic,/mnt/ml-data/training_songs/C3/Koji Kondo - Super Mario 64 Main Theme/song.ogg,/mnt/ml-data/training_songs/C3/Koji Kondo - Super Mario 64 Main Theme/notes.mid,148.9,c3-custom,1150,6,7.72
Super Mario Bros. Medley,Koji Kondo,electronic,/mnt/ml-data/training_songs/C3/Koji Kondo - Super Mario Bros. Medley/song.ogg,/mnt/ml-data/training_songs/C3/Koji Kondo - Super Mario Bros. Medley/notes.mid,229.3,c3-custom,879,104,3.83
Super Mario World Overworld Theme,Koji Kondo,electronic,/mnt/ml-data/training_songs/C3/Koji Kondo - Super Mario World Overworld Theme/song.ogg,/mnt/ml-data/training_songs/C3/Koji Kondo - Super Mario World Overworld Theme/notes.mid,86.7,c3-custom,248,230,2.86
The Ketchup Song (Asereje),Las Ketchup,pop,/mnt/ml-data/training_songs/C3/Las Ketchup - The Ketchup Song (Asereje)/song.ogg,/mnt/ml-data/training_songs/C3/Las Ketchup - The Ketchup Song (Asereje)/notes.mid,217.4,c3-custom,1974,27,9.08
Gloria,Laura Branigan,pop,/mnt/ml-data/training_songs/C3/Laura Branigan - Gloria/song.ogg,/mnt/ml-data/training_songs/C3/Laura Branigan - Gloria/notes.mid,298.1,c3-custom,1903,31,6.38
Stairway to Heaven,Led Zeppelin,rock,/mnt/ml-data/training_songs/C3/Led Zeppelin - Stairway to Heaven/song.ogg,/mnt/ml-data/training_songs/C3/Led Zeppelin - Stairway to Heaven/notes.mid,486.6,c3-custom,1146,62,2.36
Gurenge,LiSA,pop,/mnt/ml-data/training_songs/C3/LiSA - Gurenge/guitar.ogg,/mnt/ml-data/training_songs/C3/LiSA - Gurenge/notes.mid,242.3,c3-custom,1651,147,6.81
Sailor Moon English Theme Song,Nicole and Brynne Price,pop,/mnt/ml-data/training_songs/C3/Nicole and Brynne Price - Sailor Moon English Theme Song/song.ogg,/mnt/ml-data/training_songs/C3/Nicole and Brynne Price - Sailor Moon English Theme Song/notes.mid,99.6,c3-custom,508,40,5.1
Sussudio,Phil Collins,pop,/mnt/ml-data/training_songs/C3/Phil Collins - Sussudio/song.ogg,/mnt/ml-data/training_songs/C3/Phil Collins - Sussudio/notes.mid,258.9,c3-custom,1138,252,4.4
Goose (Bloodline),Polyphia,prog,/mnt/ml-data/training_songs/C3/Polyphia - Goose (Bloodline)/Polyphia - Goose (Bloodline)/guitar.opus,/mnt/ml-data/training_songs/C3/Polyphia - Goose (Bloodline)/Polyphia - Goose (Bloodline)/notes.mid,267.2,c3-custom,1063,22,3.98
O.D. (Combined Guitar) (Bloodline),Polyphia,prog,/mnt/ml-data/training_songs/C3/Polyphia - O.D. (Combined Guitar) (Bloodline)/Polyphia - O.D. (Combined Guitar) (Bloodline)/guitar.opus,/mnt/ml-data/training_songs/C3/Polyphia - O.D. (Combined Guitar) (Bloodline)/Polyphia - O.D. (Combined Guitar) (Bloodline)/notes.mid,203.1,c3-custom,1405,142,6.92
Teen Titans Theme,Puffy AmiYumi,pop,/mnt/ml-data/training_songs/C3/Puffy AmiYumi - Teen Titans Theme/song.ogg,/mnt/ml-data/training_songs/C3/Puffy AmiYumi - Teen Titans Theme/notes.mid,189.4,c3-custom,1529,176,8.07
Pen & Paper,Red Jumpsuit Apparatus,punk,/mnt/ml-data/training_songs/C3/Red Jumpsuit Apparatus - Pen & Paper/song.ogg,/mnt/ml-data/training_songs/C3/Red Jumpsuit Apparatus - Pen & Paper/notes.mid,208.3,c3-custom,1295,128,6.22
Represent,Red Jumpsuit Apparatus,punk,/mnt/ml-data/training_songs/C3/Red Jumpsuit Apparatus - Represent/song.ogg,/mnt/ml-data/training_songs/C3/Red Jumpsuit Apparatus - Represent/notes.mid,208.2,c3-custom,1098,54,5.27
Seventeen Ain't So Sweet,Red Jumpsuit Apparatus,punk,/mnt/ml-data/training_songs/C3/Red Jumpsuit Apparatus - Seventeen Ain't So Sweet/song.ogg,/mnt/ml-data/training_songs/C3/Red Jumpsuit Apparatus - Seventeen Ain't So Sweet/notes.mid,206.1,c3-custom,1062,107,5.15
Secrets,State Champs,punk,/mnt/ml-data/training_songs/C3/State Champs - Secrets/song.ogg,/mnt/ml-data/training_songs/C3/State Champs - Secrets/notes.mid,230.1,c3-custom,1421,89,6.18
Until the Day I Die,Story of the Year,punk,/mnt/ml-data/training_songs/C3/Story of the Year - Until the Day I Die/song.ogg,/mnt/ml-data/training_songs/C3/Story of the Year - Until the Day I Die/notes.mid,236.1,c3-custom,1544,68,6.54
Open Letter (2x Bass Pedal),The Amity Affliction,metal,/mnt/ml-data/training_songs/C3/The Amity Affliction - Open Letter (2x Bass Pedal)/song.ogg,/mnt/ml-data/training_songs/C3/The Amity Affliction - Open Letter (2x Bass Pedal)/notes.mid,265.6,c3-custom,1615,77,6.08
Dawn (Go Away),The Four Seasons,pop,/mnt/ml-data/training_songs/C3/The Four Seasons - Dawn (Go Away)/song.ogg,/mnt/ml-data/training_songs/C3/The Four Seasons - Dawn (Go Away)/notes.mid,169.9,c3-custom,1179,62,6.94
December 1963 (Oh What a Night),The Four Seasons,pop,/mnt/ml-data/training_songs/C3/The Four Seasons - December 1963 (Oh What a Night)/song.ogg,/mnt/ml-data/training_songs/C3/The Four Seasons - December 1963 (Oh What a Night)/notes.mid,202.6,c3-custom,1139,37,5.62
Le Internet Medley,The GAG Quartet,rock,/mnt/ml-data/training_songs/C3/The GAG Quartet - Le Internet Medley/song.ogg,/mnt/ml-data/training_songs/C3/The GAG Quartet - Le Internet Medley/notes.mid,235.0,c3-custom,1762,163,7.5
Hex Girl,The Hex Girls,pop,/mnt/ml-data/training_songs/C3/The Hex Girls - Hex Girl/song.ogg,/mnt/ml-data/training_songs/C3/The Hex Girls - Hex Girl/notes.mid,104.0,c3-custom,622,65,5.98
Finest Girl (Bin Laden Song),The Lonely Island,hiphop,/mnt/ml-data/training_songs/C3/The Lonely Island - Finest Girl (Bin Laden Song)/song.ogg,/mnt/ml-data/training_songs/C3/The Lonely Island - Finest Girl (Bin Laden Song)/notes.mid,156.5,c3-custom,699,14,4.47
Sunset,The Midnight,electronic,/mnt/ml-data/training_songs/C3/The Midnight - Sunset/song.ogg,/mnt/ml-data/training_songs/C3/The Midnight - Sunset/notes.mid,329.4,c3-custom,1355,37,4.11
All Over You,The Spill Canvas,punk,/mnt/ml-data/training_songs/C3/The Spill Canvas - All Over You/song.ogg,/mnt/ml-data/training_songs/C3/The Spill Canvas - All Over You/notes.mid,207.4,c3-custom,1049,164,5.06
Spider-Man Theme (The Animated Series),The Toonosaurs,pop,/mnt/ml-data/training_songs/C3/The Toonosaurs - Spider-Man Theme (The Animated Series)/drums.ogg,/mnt/ml-data/training_songs/C3/The Toonosaurs - Spider-Man Theme (The Animated Series)/notes.mid,64.0,c3-custom,394,4,6.16
Only You,Yazoo,pop,/mnt/ml-data/training_songs/C3/Yazoo - Only You/song.ogg,/mnt/ml-data/training_songs/C3/Yazoo - Only You/notes.mid,197.0,c3-custom,442,54,2.24
Hex Girls (ft. Court Carnaby),2. Skatune Network,punk,/mnt/ml-data/training_songs/Custom/2. Skatune Network - Hex Girls (ft. Court Carnaby)/2. Skatune Network - Hex Girls (ft. Court Carnaby)/song.ogg,/mnt/ml-data/training_songs/Custom/2. Skatune Network - Hex Girls (ft. Court Carnaby)/2. Skatune Network - Hex Girls (ft. Court Carnaby)/notes.mid,118.9,custom,683,36,5.74
Linus _ Lucy,3. Skatune Network,punk,/mnt/ml-data/training_songs/Custom/3. Skatune Network - Linus _ Lucy/3. Skatune Network - Linus _ Lucy/song.ogg,/mnt/ml-data/training_songs/Custom/3. Skatune Network - Linus _ Lucy/3. Skatune Network - Linus _ Lucy/notes.mid,194.3,custom,962,4,4.95
Spooky Scary Skeletons,4. Skatune Network,punk,/mnt/ml-data/training_songs/Custom/4. Skatune Network - Spooky Scary Skeletons/song.ogg,/mnt/ml-data/training_songs/Custom/4. Skatune Network - Spooky Scary Skeletons/notes.mid,138.7,custom,1060,55,7.64
"Sick, Sick, Sick",Bayside,punk,"/mnt/ml-data/training_songs/Custom/Bayside - Sick, Sick, Sick/song.ogg","/mnt/ml-data/training_songs/Custom/Bayside - Sick, Sick, Sick/notes.mid",214.9,custom,1709,133,7.95
Girl All the Bad Guys Want,Bowling for Soup,punk,/mnt/ml-data/training_songs/Custom/Bowling for Soup - Girl All the Bad Guys Want/guitar.ogg,/mnt/ml-data/training_songs/Custom/Bowling for Soup - Girl All the Bad Guys Want/notes.mid,200.5,custom,1091,12,5.44
Contact,Daft Punk,pop,/mnt/ml-data/training_songs/Custom/Daft Punk - Contact/Daft Punk - Contact/song.ogg,/mnt/ml-data/training_songs/Custom/Daft Punk - Contact/Daft Punk - Contact/notes.mid,381.5,custom,1197,87,3.14
Endless Sky (RhythmAuthors),I See Stars,punk,/mnt/ml-data/training_songs/Custom/I See Stars - Endless Sky (RhythmAuthors)/song.opus,/mnt/ml-data/training_songs/Custom/I See Stars - Endless Sky (RhythmAuthors)/notes.mid,216.9,custom,1447,37,6.67
Filth Friends Unite (RhythmAuthors),I See Stars,punk,/mnt/ml-data/training_songs/Custom/I See Stars - Filth Friends Unite (RhythmAuthors)/song.opus,/mnt/ml-data/training_songs/Custom/I See Stars - Filth Friends Unite (RhythmAuthors)/notes.mid,243.5,custom,1373,64,5.64
NZT48 (RhythmAuthors),I See Stars,punk,/mnt/ml-data/training_songs/Custom/I See Stars - NZT48 (RhythmAuthors)/song.opus,/mnt/ml-data/training_songs/Custom/I See Stars - NZT48 (RhythmAuthors)/notes.mid,262.0,custom,1362,91,5.2
Beg For More (Cerulean),In Her Own Words,punk,/mnt/ml-data/training_songs/Custom/In Her Own Words - Beg For More (Cerulean)/In Her Own Words - Beg For More (Cerulean)/song.opus,/mnt/ml-data/training_songs/Custom/In Her Own Words - Beg For More (Cerulean)/In Her Own Words - Beg For More (Cerulean)/notes.mid,174.7,custom,1001,116,5.73
The Science of Selling Yourself Short,Less Than Jake,punk,/mnt/ml-data/training_songs/Custom/Less Than Jake - The Science of Selling Yourself Short/Less Than Jake - The Science of Selling Yourself Short/song.ogg,/mnt/ml-data/training_songs/Custom/Less Than Jake - The Science of Selling Yourself Short/Less Than Jake - The Science of Selling Yourself Short/notes.mid,186.9,custom,884,79,4.73
Action／Adventure (RockGamer),Memphis May Fire,metal,/mnt/ml-data/training_songs/Custom/Memphis May Fire - Action／Adventure (RockGamer)/song.opus,/mnt/ml-data/training_songs/Custom/Memphis May Fire - Action／Adventure (RockGamer)/notes.mid,250.5,custom,1830,104,7.31
Be Careful What You Wish For (RockGamer),Memphis May Fire,metal,/mnt/ml-data/training_songs/Custom/Memphis May Fire - Be Careful What You Wish For (RockGamer)/song.opus,/mnt/ml-data/training_songs/Custom/Memphis May Fire - Be Careful What You Wish For (RockGamer)/notes.mid,220.0,custom,1606,85,7.3
Blood & Water (Yhughu),Memphis May Fire,metal,/mnt/ml-data/training_songs/Custom/Memphis May Fire - Blood & Water (Yhughu)/guitar.opus,/mnt/ml-data/training_songs/Custom/Memphis May Fire - Blood & Water (Yhughu)/notes.mid,233.7,custom,1256,47,5.37
Prove Me Right (Bloodline),Memphis May Fire,metal,/mnt/ml-data/training_songs/Custom/Memphis May Fire - Prove Me Right (Bloodline)/guitar.opus,/mnt/ml-data/training_songs/Custom/Memphis May Fire - Prove Me Right (Bloodline)/notes.mid,259.1,custom,1933,79,7.46
A Christmas Rock Medley (2x Bass Pedal Expert+),Richard Campbell,jazz,/mnt/ml-data/training_songs/Custom/Richard Campbell - A Christmas Rock Medley (2x Bass Pedal Expert+)/song.ogg,/mnt/ml-data/training_songs/Custom/Richard Campbell - A Christmas Rock Medley (2x Bass Pedal Expert+)/notes.mid,285.9,custom,1901,130,6.65
Oh Sherrie,Steve Perry,pop,/mnt/ml-data/training_songs/Custom/Steve Perry - Oh Sherrie/Steve Perry - Oh Sherrie/guitar.ogg,/mnt/ml-data/training_songs/Custom/Steve Perry - Oh Sherrie/Steve Perry - Oh Sherrie/notes.mid,234.1,custom,986,39,4.21
All the Things She Said,t.A.T.u.,pop,/mnt/ml-data/training_songs/Custom/t.A.T.u. - All the Things She Said/t.A.T.u. - All the Things She Said/guitar.ogg,/mnt/ml-data/training_songs/Custom/t.A.T.u. - All the Things She Said/t.A.T.u. - All the Things She Said/notes.mid,218.5,custom,769,12,3.52
The Boys of Summer (Don Henley cover),The Ataris,punk,/mnt/ml-data/training_songs/Custom/The Ataris - The Boys of Summer (Don Henley cover)/guitar.ogg,/mnt/ml-data/training_songs/Custom/The Ataris - The Boys of Summer (Don Henley cover)/notes.mid,261.7,custom,1678,93,6.41
Video Killed the Radio Star,The Buggles,pop,/mnt/ml-data/training_songs/Custom/The Buggles - Video Killed the Radio Star/song.ogg,/mnt/ml-data/training_songs/Custom/The Buggles - Video Killed the Radio Star/notes.mid,249.2,custom,1157,375,4.64
Gloria (Luke Noel III),The Midnight,electronic,/mnt/ml-data/training_songs/Custom/The Midnight - Gloria (Luke Noel III)/song.opus,/mnt/ml-data/training_songs/Custom/The Midnight - Gloria (Luke Noel III)/notes.mid,297.1,custom,675,19,2.27
Empty Space,The Story So Far,punk,/mnt/ml-data/training_songs/Custom/The Story So Far - Empty Space/The Story So Far - Empty Space/song.ogg,/mnt/ml-data/training_songs/Custom/The Story So Far - Empty Space/The Story So Far - Empty Space/notes.mid,153.1,custom,1080,35,7.05
I Ran (So Far Away),A Flock of Seagulls,pop,/mnt/ml-data/training_songs/Rock Band/DLC/Rock Band 3 DLC/A Flock of Seagulls - I Ran (So Far Away)/song.ogg,/mnt/ml-data/training_songs/Rock Band/DLC/Rock Band 3 DLC/A Flock of Seagulls - I Ran (So Far Away)/notes.mid,307.8,rock_band,1716,10,5.58
You Make Me Feel,Cobra Starship (ft. Sabi),pop,/mnt/ml-data/training_songs/Rock Band/DLC/Rock Band 3 DLC/Cobra Starship (ft. Sabi) - You Make Me Feel/song.ogg,/mnt/ml-data/training_songs/Rock Band/DLC/Rock Band 3 DLC/Cobra Starship (ft. Sabi) - You Make Me Feel/notes.mid,214.5,rock_band,905,4,4.22
Teen Angst (What the World Needs Now),Cracker,rock,/mnt/ml-data/training_songs/Rock Band/DLC/Rock Band 3 DLC/Cracker - Teen Angst (What the World Needs Now)/song.ogg,/mnt/ml-data/training_songs/Rock Band/DLC/Rock Band 3 DLC/Cracker - Teen Angst (What the World Needs Now)/notes.mid,255.3,rock_band,2051,7,8.03
Intentional Heartache,Dwight Yoakam,country,/mnt/ml-data/training_songs/Rock Band/DLC/Rock Band 3 DLC/Dwight Yoakam - Intentional Heartache/song.ogg,/mnt/ml-data/training_songs/Rock Band/DLC/Rock Band 3 DLC/Dwight Yoakam - Intentional Heartache/notes.mid,266.4,rock_band,1794,1,6.73
Intentional Heartache (RB3 version),Dwight Yoakam,country,/mnt/ml-data/training_songs/Rock Band/DLC/Rock Band 3 DLC/Dwight Yoakam - Intentional Heartache (RB3 version)/song.ogg,/mnt/ml-data/training_songs/Rock Band/DLC/Rock Band 3 DLC/Dwight Yoakam - Intentional Heartache (RB3 version)/notes.mid,266.4,rock_band,1794,1,6.73
Don't Stop (Color on the Walls),Foster the People,rock,/mnt/ml-data/training_songs/Rock Band/DLC/Rock Band 3 DLC/Foster the People - Don't Stop (Color on the Walls)/song.ogg,/mnt/ml-data/training_songs/Rock Band/DLC/Rock Band 3 DLC/Foster the People - Don't Stop (Color on the Walls)/notes.mid,177.6,rock_band,1063,7,5.99
Helena Beat,Foster the People,rock,/mnt/ml-data/training_songs/Rock Band/DLC/Rock Band 3 DLC/Foster the People - Helena Beat/song.ogg,/mnt/ml-data/training_songs/Rock Band/DLC/Rock Band 3 DLC/Foster the People - Helena Beat/notes.mid,274.0,rock_band,1968,47,7.18
Pumped Up Kicks,Foster the People,rock,/mnt/ml-data/training_songs/Rock Band/Base Games/Rock Band Blitz/Rock Band Blitz/Foster the People - Pumped Up Kicks/song.ogg,/mnt/ml-data/training_songs/Rock Band/Base Games/Rock Band Blitz/Rock Band Blitz/Foster the People - Pumped Up Kicks/notes.mid,235.4,rock_band,1447,2,6.15
Stereo Hearts,Gym Class Heroes (ft. Adam Levine),pop,/mnt/ml-data/training_songs/Rock Band/DLC/Rock Band 3 DLC/Gym Class Heroes (ft. Adam Levine) - Stereo Hearts/song.ogg,/mnt/ml-data/training_songs/Rock Band/DLC/Rock Band 3 DLC/Gym Class Heroes (ft. Adam Levine) - Stereo Hearts/notes.mid,216.0,rock_band,934,3,4.32
Tonight Tonight,Hot Chelle Rae,pop,/mnt/ml-data/training_songs/Rock Band/DLC/Rock Band 3 DLC/Hot Chelle Rae - Tonight Tonight/song.ogg,/mnt/ml-data/training_songs/Rock Band/DLC/Rock Band 3 DLC/Hot Chelle Rae - Tonight Tonight/notes.mid,205.8,rock_band,916,7,4.45
Love Will Tear Us Apart,Joy Division,rock,/mnt/ml-data/training_songs/Rock Band/DLC/Rock Band 3 DLC/Joy Division - Love Will Tear Us Apart/song.ogg,/mnt/ml-data/training_songs/Rock Band/DLC/Rock Band 3 DLC/Joy Division - Love Will Tear Us Apart/notes.mid,232.6,rock_band,2603,2,11.19
Bulletproof,La Roux,electronic,/mnt/ml-data/training_songs/Rock Band/DLC/Rock Band 2 DLC/La Roux - Bulletproof/song.ogg,/mnt/ml-data/training_songs/Rock Band/DLC/Rock Band 2 DLC/La Roux - Bulletproof/notes.mid,209.0,rock_band,1308,3,6.26
Can't Let Go,Lucinda Williams,country,/mnt/ml-data/training_songs/Rock Band/DLC/Rock Band 2 DLC/Lucinda Williams - Can't Let Go/song.ogg,/mnt/ml-data/training_songs/Rock Band/DLC/Rock Band 2 DLC/Lucinda Williams - Can't Let Go/notes.mid,214.6,rock_band,1221,3,5.69
Sex and Candy,Marcy Playground,rock,/mnt/ml-data/training_songs/Rock Band/DLC/Rock Band 3 DLC/Marcy Playground - Sex and Candy/song.ogg,/mnt/ml-data/training_songs/Rock Band/DLC/Rock Band 3 DLC/Marcy Playground - Sex and Candy/notes.mid,175.5,rock_band,674,10,3.84
Power and the Passion,Midnight Oil,rock,/mnt/ml-data/training_songs/Rock Band/DLC/Rock Band 3 DLC/Midnight Oil - Power and the Passion/song.ogg,/mnt/ml-data/training_songs/Rock Band/DLC/Rock Band 3 DLC/Midnight Oil - Power and the Passion/notes.mid,346.2,rock_band,2655,5,7.67
To Be With  You,Mr. Big,prog,/mnt/ml-data/training_songs/Rock Band/DLC/Rock Band 3 DLC/Mr. Big - To Be With  You/song.ogg,/mnt/ml-data/training_songs/Rock Band/DLC/Rock Band 3 DLC/Mr. Big - To Be With  You/notes.mid,203.1,rock_band,363,1,1.79
Amaranth,Nightwish,metal,/mnt/ml-data/training_songs/Rock Band/DLC/Rock Band 3 DLC/Nightwish - Amaranth/song.ogg,/mnt/ml-data/training_songs/Rock Band/DLC/Rock Band 3 DLC/Nightwish - Amaranth/notes.mid,235.3,rock_band,1246,11,5.3
Never Gonna Give You Up,Rick Astley,pop,/mnt/ml-data/training_songs/Rock Band/DLC/Rock Band 3 DLC/Rick Astley - Never Gonna Give You Up/song.ogg,/mnt/ml-data/training_songs/Rock Band/DLC/Rock Band 3 DLC/Rick Astley - Never Gonna Give You Up/notes.mid,235.0,rock_band,1367,32,5.82
King of Rock,Run-DMC,hiphop,/mnt/ml-data/training_songs/Rock Band/DLC/Rock Band 3 DLC/Run-DMC - King of Rock/song.ogg,/mnt/ml-data/training_songs/Rock Band/DLC/Rock Band 3 DLC/Run-DMC - King of Rock/notes.mid,317.2,rock_band,1485,1,4.68
Smooth,Santana (ft. Rob Thomas),rock,/mnt/ml-data/training_songs/Rock Band/DLC/Rock Band 3 DLC/Santana (ft. Rob Thomas) - Smooth/song.ogg,/mnt/ml-data/training_songs/Rock Band/DLC/Rock Band 3 DLC/Santana (ft. Rob Thomas) - Smooth/notes.mid,296.0,rock_band,1944,27,6.57
Suds in the Bucket,Sara Evans,country,/mnt/ml-data/training_songs/Rock Band/DLC/Rock Band 2 DLC/Sara Evans - Suds in the Bucket/song.ogg,/mnt/ml-data/training_songs/Rock Band/DLC/Rock Band 2 DLC/Sara Evans - Suds in the Bucket/notes.mid,237.0,rock_band,1731,3,7.3
Tainted Love,Soft Cell,pop,/mnt/ml-data/training_songs/Rock Band/DLC/Rock Band 3 DLC/Soft Cell - Tainted Love/song.ogg,/mnt/ml-data/training_songs/Rock Band/DLC/Rock Band 3 DLC/Soft Cell - Tainted Love/notes.mid,160.2,rock_band,834,2,5.21
This Bastard's Life,Swingin' Utters,punk,/mnt/ml-data/training_songs/Rock Band/Base Games/Rock Band 3/Rock Band 3/Swingin' Utters - This Bastard's Life/song.ogg,/mnt/ml-data/training_songs/Rock Band/Base Games/Rock Band 3/Rock Band 3/Swingin' Utters - This Bastard's Life/notes.mid,190.4,rock_band,1258,4,6.61
Last Train to Clarksville,The Monkees (WaveGroup),rock,/mnt/ml-data/training_songs/Rock Band/DLC/Rock Band 1 DLC/The Monkees (WaveGroup) - Last Train to Clarksville/song.ogg,/mnt/ml-data/training_songs/Rock Band/DLC/Rock Band 1 DLC/The Monkees (WaveGroup) - Last Train to Clarksville/notes.mid,185.6,rock_band,1048,1,5.65
What's Up,4 Non Blondes,rock,/mnt/ml-data/training_songs/RockBand4/4 Non Blondes - What's Up/song.ogg,/mnt/ml-data/training_songs/RockBand4/4 Non Blondes - What's Up/notes.mid,304.4,rock_band_4,1395,32,4.58
Violent Shiver,Benjamin Booker,acoustic,/mnt/ml-data/training_songs/RockBand4/Benjamin Booker - Violent Shiver/song.ogg,/mnt/ml-data/training_songs/RockBand4/Benjamin Booker - Violent Shiver/notes.mid,171.0,rock_band_4,1402,12,8.2
Mainstream Kid,Brandi Carlile,country,/mnt/ml-data/training_songs/RockBand4/Brandi Carlile - Mainstream Kid/song.ogg,/mnt/ml-data/training_songs/RockBand4/Brandi Carlile - Mainstream Kid/notes.mid,262.8,rock_band_4,1307,11,4.97
Trainwreck 1979,Death from Above 1979,punk,/mnt/ml-data/training_songs/RockBand4/Death from Above 1979 - Trainwreck 1979/song.ogg,/mnt/ml-data/training_songs/RockBand4/Death from Above 1979 - Trainwreck 1979/notes.mid,234.7,rock_band_4,1404,23,5.98
Suspicious Minds,Elvis Presley,rock,/mnt/ml-data/training_songs/RockBand4/Elvis Presley - Suspicious Minds/song.ogg,/mnt/ml-data/training_songs/RockBand4/Elvis Presley - Suspicious Minds/notes.mid,271.0,rock_band_4,1801,1,6.65
Lazaretto,Jack White,acoustic,/mnt/ml-data/training_songs/RockBand4/Jack White - Lazaretto/song.ogg,/mnt/ml-data/training_songs/RockBand4/Jack White - Lazaretto/notes.mid,223.5,rock_band_4,1189,14,5.32
Little White Church,Little Big Town,country,/mnt/ml-data/training_songs/RockBand4/Little Big Town - Little White Church/song.ogg,/mnt/ml-data/training_songs/RockBand4/Little Big Town - Little White Church/notes.mid,191.1,rock_band_4,989,18,5.18
Summertime Boy,Seasick Steve,acoustic,/mnt/ml-data/training_songs/RockBand4/Seasick Steve - Summertime Boy/song.ogg,/mnt/ml-data/training_songs/RockBand4/Seasick Steve - Summertime Boy/notes.mid,234.6,rock_band_4,1725,5,7.35
Milwaukee,The Both,rock,/mnt/ml-data/training_songs/RockBand4/The Both - Milwaukee/song.ogg,/mnt/ml-data/training_songs/RockBand4/The Both - Milwaukee/notes.mid,265.5,rock_band_4,1415,24,5.33
Pistol Whipped,Tijuana Sweetheart,punk,/mnt/ml-data/training_songs/RockBand4/Tijuana Sweetheart - Pistol Whipped/song.ogg,/mnt/ml-data/training_songs/RockBand4/Tijuana Sweetheart - Pistol Whipped/notes.mid,156.6,rock_band_4,1127,29,7.2
At Night in Dreams,White Denim,rock,/mnt/ml-data/training_songs/RockBand4/White Denim - At Night in Dreams/song.ogg,/mnt/ml-data/training_songs/RockBand4/White Denim - At Night in Dreams/notes.mid,249.3,rock_band_4,1989,41,7.98
